order_item_id,order_id,product_id,quantity,unit_price
1,1,5,1,249
2,2,11,2,219
3,3,19,3,229
4,4,18,2,249
5,4,5,1,249
6,5,5,1,249
7,5,12,1,999
8,5,7,1,279
9,6,4,1,599
10,6,18,1,249
11,7,1,1,399
12,7,18,1,249
13,8,18,1,249
14,8,9,1,229
15,9,18,1,249
16,9,16,2,649
17,9,3,2,329
18,10,5,3,249
19,10,9,1,229
20,10,18,2,249
21,10,7,1,279
22,11,11,1,219
23,12,3,1,329
24,13,9,1,229
25,14,6,1,299
26,15,19,1,229
27,16,9,1,229
28,16,4,1,599
29,17,9,1,229
30,18,12,1,999
31,18,18,1,249
32,19,15,2,799
33,19,6,2,299
34,20,1,2,399
35,20,20,1,1299
36,21,7,3,279
37,21,6,2,299
38,22,20,1,1299
39,23,11,1,219
40,24,17,2,149
41,25,4,1,599
42,26,7,1,279
43,27,10,1,449
44,28,5,1,249
45,29,11,2,219
46,29,5,1,249
47,29,3,1,329
48,29,13,1,849
49,30,2,1,419
50,30,3,1,329
51,31,11,1,219
52,32,17,1,149
53,32,19,1,229
54,33,10,1,449
55,34,4,1,599
56,35,3,1,329
57,36,3,1,329
58,37,16,3,649
59,38,3,2,329
60,38,20,3,1299
61,39,7,2,279
62,39,4,2,599
63,39,1,1,399
64,40,1,1,399
65,40,7,1,279
66,41,19,1,229
67,42,15,1,799
68,43,2,3,419
69,43,11,1,219
70,43,6,1,299
71,44,17,1,149
72,44,8,1,199
73,45,11,1,219
74,45,9,1,229
75,45,3,2,329
76,45,1,1,399
77,46,4,2,599
78,47,11,1,219
79,47,13,1,849
80,47,2,1,419
81,48,20,1,1299
82,49,14,1,1599
83,50,13,1,849
84,50,2,1,419
85,51,9,1,229
86,52,6,1,299
87,53,8,1,199
88,54,7,1,279
89,55,7,1,279
90,55,1,1,399
91,56,5,1,249
92,56,11,1,219
93,57,9,1,229
94,57,6,2,299
95,58,14,1,1599
96,59,15,2,799
97,59,7,1,279
98,60,7,1,279
99,61,15,1,799
100,61,18,1,249
101,62,11,1,219
102,62,19,1,229
103,63,9,1,229
104,63,7,1,279
105,64,2,2,419
106,64,12,1,999
107,64,6,2,299
108,64,8,1,199
109,65,2,2,419
110,65,11,1,219
111,65,3,3,329
112,66,3,1,329
113,66,6,2,299
114,67,12,2,999
115,68,11,1,219
116,69,10,2,449
117,69,12,1,999
118,70,3,1,329
119,71,18,1,249
120,71,3,1,329
121,72,11,1,219
122,72,8,2,199
123,73,5,1,249
124,74,9,1,229
125,75,7,2,279
126,76,7,3,279
127,76,14,1,1599
128,76,15,1,799
129,77,15,2,799
130,77,9,1,229
131,77,10,1,449
132,78,19,2,229
133,79,12,2,999
134,80,10,2,449
135,80,2,1,419
136,81,17,2,149
137,81,2,3,419
138,82,7,1,279
139,83,14,1,1599
140,83,10,2,449
141,83,1,3,399
142,84,2,1,419
143,84,3,3,329
144,85,1,1,399
145,85,12,2,999
146,86,4,1,599
147,87,8,1,199
148,87,2,2,419
149,88,2,3,419
150,88,3,1,329
151,88,1,1,399
152,89,7,1,279
153,89,18,1,249
154,90,9,1,229
155,91,4,1,599
156,91,3,1,329
157,91,11,2,219
158,92,19,3,229
159,92,18,1,249
160,93,2,1,419
161,93,1,1,399
162,93,18,3,249
163,93,6,1,299
164,94,3,1,329
165,94,2,3,419
166,95,1,1,399
167,95,12,2,999
168,96,11,1,219
169,97,8,2,199
170,97,12,1,999
171,97,2,2,419
172,97,4,2,599
173,98,10,1,449
174,98,8,1,199
175,98,17,1,149
176,98,3,2,329
177,99,7,1,279
178,100,11,1,219
179,100,4,2,599
180,101,3,2,329
181,101,19,3,229
182,101,2,1,419
183,102,5,2,249
184,103,13,1,849
185,103,15,1,799
186,103,18,1,249
187,104,11,2,219
188,105,20,2,1299
189,106,8,1,199
190,106,6,1,299
191,107,15,2,799
192,108,9,1,229
193,108,3,1,329
194,108,6,1,299
195,109,5,2,249
196,109,10,1,449
197,109,17,1,149
198,110,3,3,329
199,110,17,1,149
200,110,9,1,229
201,111,2,2,419
202,111,6,1,299
203,111,10,1,449
204,111,4,2,599
205,112,16,2,649
206,113,6,1,299
207,113,11,1,219
208,113,4,1,599
209,114,8,2,199
210,115,15,3,799
211,115,14,1,1599
212,115,9,1,229
213,116,18,2,249
214,117,3,1,329
215,118,4,2,599
216,118,15,1,799
217,118,16,2,649
218,118,3,1,329
219,119,3,3,329
220,119,16,2,649
221,120,1,1,399
222,120,5,1,249
223,121,3,2,329
224,122,2,1,419
225,123,5,2,249
226,123,9,2,229
227,124,11,1,219
228,125,9,1,229
229,125,5,2,249
230,125,10,1,449
231,126,3,2,329
232,126,2,2,419
233,126,10,2,449
234,126,7,1,279
235,127,7,1,279
236,128,8,2,199
237,129,1,1,399
238,130,20,2,1299
239,131,2,1,419
240,132,5,1,249
241,132,6,1,299
242,133,10,1,449
243,133,1,1,399
244,134,18,1,249
245,134,10,1,449
246,135,4,1,599
247,135,1,2,399
248,136,6,1,299
249,137,6,2,299
250,138,2,2,419
251,138,3,3,329
252,139,20,1,1299
253,140,5,1,249
254,141,3,1,329
255,142,17,2,149
256,142,4,1,599
257,143,11,1,219
258,143,17,1,149
259,144,15,1,799
260,145,16,1,649
261,146,8,1,199
262,147,2,2,419
263,147,17,1,149
264,148,6,1,299
265,149,6,1,299
266,150,4,2,599
267,150,2,1,419
268,150,1,2,399
269,151,14,2,1599
270,152,10,3,449
271,153,4,1,599
272,154,19,2,229
273,154,9,1,229
274,154,5,1,249
275,154,8,1,199
276,155,5,1,249
277,155,14,2,1599
278,155,15,2,799
279,156,6,2,299
280,156,9,3,229
281,156,15,1,799
282,157,5,1,249
283,158,18,3,249
284,159,5,2,249
285,160,3,1,329
286,160,11,1,219
287,161,9,2,229
288,162,20,1,1299
289,163,8,2,199
290,163,2,1,419
291,163,10,1,449
292,164,5,2,249
293,165,5,1,249
294,165,1,3,399
295,166,6,2,299
296,166,3,3,329
297,166,18,1,249
298,167,2,2,419
299,167,15,1,799
300,168,16,1,649
301,169,11,1,219
302,170,7,2,279
303,170,8,1,199
304,171,8,1,199
305,172,1,1,399
306,173,12,1,999
307,173,4,1,599
308,174,6,1,299
309,174,7,1,279
310,174,17,2,149
311,175,10,2,449
312,176,8,1,199
313,176,17,1,149
314,177,10,2,449
315,178,16,3,649
316,178,2,3,419
317,179,17,1,149
318,180,11,1,219
319,180,7,2,279
320,181,20,1,1299
321,181,10,1,449
322,182,19,1,229
323,183,9,1,229
324,184,7,1,279
325,185,9,1,229
326,185,7,1,279
327,185,16,2,649
328,186,1,1,399
329,186,10,2,449
330,187,12,2,999
331,188,16,1,649
332,189,14,1,1599
333,189,11,3,219
334,190,9,3,229
335,191,10,1,449
336,191,17,1,149
337,192,7,2,279
338,193,10,1,449
339,193,5,1,249
340,193,11,3,219
341,194,8,1,199
342,195,3,1,329
343,196,1,2,399
344,197,13,2,849
345,197,9,1,229
346,198,11,3,219
347,198,1,2,399
348,198,3,2,329
349,199,10,2,449
350,199,19,1,229
351,200,1,1,399
352,201,3,1,329
353,201,5,1,249
354,202,12,1,999
355,203,6,2,299
356,204,9,2,229
357,204,11,1,219
358,205,15,1,799
359,206,15,1,799
360,207,19,2,229
361,208,7,1,279
362,208,9,2,229
363,208,19,2,229
364,209,1,2,399
365,210,6,1,299
366,211,2,3,419
367,212,1,1,399
368,212,4,2,599
369,212,15,2,799
370,213,19,1,229
371,214,2,1,419
372,214,13,2,849
373,215,16,1,649
374,216,9,1,229
375,216,2,1,419
376,216,4,1,599
377,217,3,1,329
378,218,5,1,249
379,219,6,1,299
380,220,16,2,649
381,220,3,1,329
382,221,10,2,449
383,221,9,2,229
384,221,4,1,599
385,222,4,2,599
386,223,4,3,599
387,224,9,2,229
388,224,3,2,329
389,225,11,1,219
390,226,2,3,419
391,226,10,1,449
392,227,8,1,199
393,227,18,1,249
394,227,6,2,299
395,228,4,1,599
396,229,4,2,599
397,230,1,1,399
398,230,9,1,229
399,230,10,1,449
400,231,17,2,149
401,231,16,3,649
402,232,10,2,449
403,232,16,1,649
404,232,11,1,219
405,233,1,1,399
406,234,10,2,449
407,234,8,2,199
408,234,2,1,419
409,235,7,2,279
410,236,11,1,219
411,236,2,1,419
412,236,4,2,599
413,237,1,1,399
414,237,8,1,199
415,238,4,2,599
416,238,7,1,279
417,239,3,1,329
418,239,8,3,199
419,240,13,1,849
420,240,11,1,219
421,241,10,2,449
422,242,10,2,449
423,243,16,1,649
424,243,7,1,279
425,243,11,2,219
426,243,5,1,249
427,244,11,3,219
428,245,8,2,199
429,245,2,1,419
430,246,4,3,599
431,246,7,1,279
432,246,1,1,399
433,247,19,2,229
434,247,15,1,799
435,247,11,3,219
436,248,2,1,419
437,249,6,1,299
438,250,18,1,249
439,251,4,1,599
440,252,18,1,249
441,253,6,1,299
442,253,18,2,249
443,253,9,1,229
444,254,1,2,399
445,254,8,1,199
446,255,8,1,199
447,256,4,1,599
448,257,6,1,299
449,258,4,1,599
450,259,7,1,279
451,260,9,1,229
452,260,11,1,219
453,261,9,3,229
454,262,9,3,229
455,262,5,1,249
456,263,10,1,449
457,264,18,1,249
458,265,4,1,599
459,265,17,1,149
460,266,4,1,599
461,267,7,1,279
462,267,14,1,1599
463,267,20,1,1299
464,267,10,1,449
465,268,1,1,399
466,268,17,1,149
467,268,8,3,199
468,269,10,1,449
469,269,13,2,849
470,270,15,1,799
471,270,6,1,299
472,271,9,1,229
473,272,4,1,599
474,273,11,2,219
475,273,4,1,599
476,274,7,2,279
477,274,3,1,329
478,274,10,1,449
479,275,1,3,399
480,275,5,1,249
481,275,7,1,279
482,275,2,1,419
483,276,15,1,799
484,276,16,3,649
485,277,4,1,599
486,277,1,3,399
487,277,12,1,999
488,278,11,1,219
489,279,18,1,249
490,280,7,1,279
491,281,11,1,219
492,281,3,2,329
493,282,10,1,449
494,282,11,2,219
495,282,2,1,419
496,283,11,1,219
497,284,8,1,199
498,284,9,1,229
499,285,3,1,329
500,286,17,1,149
501,286,6,1,299
502,287,8,1,199
503,287,10,1,449
504,288,2,1,419
505,289,4,1,599
506,289,10,1,449
507,290,6,2,299
508,290,17,2,149
509,291,2,1,419
510,291,8,1,199
511,291,4,1,599
512,292,10,1,449
513,293,8,1,199
514,293,9,1,229
515,294,10,2,449
516,295,4,3,599
517,295,7,1,279
518,295,12,3,999
519,295,10,1,449
520,296,19,2,229
521,296,18,1,249
522,296,9,1,229
523,297,4,2,599
524,297,2,1,419
525,298,11,1,219
526,298,18,1,249
527,298,5,2,249
528,299,7,3,279
529,299,2,2,419
530,299,13,2,849
531,300,8,1,199
532,301,2,1,419
533,301,14,1,1599
534,302,8,2,199
535,303,9,3,229
536,303,8,1,199
537,304,7,1,279
538,304,5,1,249
539,305,10,1,449
540,305,18,1,249
541,305,11,1,219
542,306,17,2,149
543,306,1,1,399
544,306,2,1,419
545,307,11,1,219
546,307,6,2,299
547,307,8,1,199
548,307,1,1,399
549,308,4,2,599
550,309,19,1,229
551,310,8,1,199
552,311,3,1,329
553,312,1,1,399
554,313,3,2,329
555,314,9,1,229
556,315,9,2,229
557,316,19,1,229
558,316,18,2,249
559,316,5,1,249
560,317,19,3,229
561,318,14,1,1599
562,319,1,1,399
563,320,17,1,149
564,321,19,1,229
565,321,11,1,219
566,321,4,1,599
567,322,6,1,299
568,323,9,1,229
569,323,12,1,999
570,324,6,2,299
571,324,9,1,229
572,325,5,1,249
573,325,18,1,249
574,326,9,2,229
575,327,12,1,999
576,327,7,1,279
577,328,2,2,419
578,328,12,3,999
579,329,9,1,229
580,329,3,2,329
581,330,19,1,229
582,330,14,1,1599
583,330,8,1,199
584,331,7,1,279
585,331,10,1,449
586,332,1,1,399
587,333,1,1,399
588,333,3,1,329
589,333,10,1,449
590,334,14,1,1599
591,335,5,1,249
592,335,8,1,199
593,336,12,1,999
594,337,20,1,1299
595,337,2,1,419
596,338,5,1,249
597,339,20,1,1299
598,339,5,1,249
599,339,10,1,449
600,340,14,1,1599
601,340,5,1,249
602,341,11,2,219
603,342,15,3,799
604,342,1,1,399
605,343,15,2,799
606,343,6,3,299
607,344,10,1,449
608,345,7,1,279
609,346,6,1,299
610,347,13,1,849
611,347,14,1,1599
612,347,17,2,149
613,347,18,1,249
614,348,5,1,249
615,349,11,1,219
616,349,9,1,229
617,350,2,1,419
618,351,9,1,229
619,351,19,2,229
620,352,2,1,419
621,353,11,1,219
622,353,6,1,299
623,354,7,1,279
624,354,15,2,799
625,355,3,2,329
626,355,4,1,599
627,355,18,1,249
628,356,3,2,329
629,356,10,1,449
630,357,10,1,449
631,357,4,1,599
632,358,7,2,279
633,358,9,1,229
634,358,11,1,219
635,359,16,1,649
636,359,19,1,229
637,360,1,1,399
638,360,3,1,329
639,361,6,1,299
640,361,3,1,329
641,362,12,2,999
642,362,20,1,1299
643,362,10,1,449
644,362,16,2,649
645,363,6,2,299
646,363,17,1,149
647,363,12,1,999
648,364,3,1,329
649,365,2,1,419
650,365,1,2,399
651,366,10,1,449
652,366,3,1,329
653,366,9,1,229
654,367,12,1,999
655,367,18,1,249
656,368,11,1,219
657,368,13,3,849
658,369,11,1,219
659,370,7,1,279
660,370,13,1,849
661,371,14,1,1599
662,372,10,1,449
663,372,2,1,419
664,372,17,1,149
665,373,18,2,249
666,373,11,1,219
667,374,6,1,299
668,374,3,3,329
669,375,16,1,649
670,375,4,2,599
671,376,9,1,229
672,376,12,1,999
673,376,3,2,329
674,377,19,1,229
675,377,8,1,199
676,378,6,2,299
677,378,13,2,849
678,379,1,1,399
679,380,5,1,249
680,381,10,1,449
681,382,15,1,799
682,382,2,1,419
683,383,14,1,1599
684,383,3,1,329
685,384,2,3,419
686,385,4,1,599
687,385,18,2,249
688,385,2,1,419
689,386,1,1,399
690,386,6,1,299
691,387,7,2,279
692,387,14,2,1599
693,388,9,3,229
694,389,2,1,419
695,389,14,1,1599
696,389,3,1,329
697,389,6,1,299
698,390,7,1,279
699,390,1,1,399
700,390,20,1,1299
701,391,7,3,279
702,391,1,1,399
703,391,14,1,1599
704,392,9,2,229
705,392,4,1,599
706,392,13,1,849
707,393,3,1,329
708,394,10,1,449
709,395,5,3,249
710,395,9,1,229
711,396,5,2,249
712,397,2,2,419
713,398,18,2,249
714,399,4,1,599
715,399,8,1,199
716,400,2,2,419
717,400,5,1,249
718,401,7,1,279
719,401,4,1,599
720,402,11,1,219
721,403,7,1,279
722,403,1,1,399
723,403,3,1,329
724,404,3,1,329
725,405,2,1,419
726,405,1,1,399
727,405,4,1,599
728,406,3,1,329
729,406,11,1,219
730,406,17,1,149
731,407,19,2,229
732,407,9,1,229
733,407,4,1,599
734,408,12,2,999
735,409,18,2,249
736,409,7,1,279
737,409,20,2,1299
738,409,8,1,199
739,410,13,3,849
740,411,3,1,329
741,411,9,1,229
742,412,6,1,299
743,412,10,2,449
744,412,2,2,419
745,413,9,1,229
746,413,11,1,219
747,414,2,1,419
748,414,10,1,449
749,414,3,1,329
750,415,13,2,849
751,415,12,2,999
752,416,1,1,399
753,417,18,1,249
754,417,6,1,299
755,417,11,3,219
756,418,5,3,249
757,418,2,1,419
758,418,11,1,219
759,419,18,1,249
760,419,7,2,279
761,420,10,1,449
762,420,6,1,299
763,420,5,1,249
764,420,11,2,219
765,421,4,1,599
766,421,5,2,249
767,421,3,1,329
768,422,12,2,999
769,423,9,1,229
770,424,2,1,419
771,424,18,2,249
772,425,11,1,219
773,425,18,3,249
774,426,8,1,199
775,427,10,1,449
776,428,11,3,219
777,428,19,1,229
778,428,8,1,199
779,429,6,1,299
780,429,5,1,249
781,429,19,2,229
782,430,3,2,329
783,431,17,3,149
784,431,1,3,399
785,432,12,2,999
786,432,3,1,329
787,433,8,2,199
788,433,4,2,599
789,434,17,1,149
790,434,8,1,199
791,435,6,1,299
792,435,7,1,279
793,436,4,1,599
794,437,7,2,279
795,438,9,2,229
796,438,16,1,649
797,438,5,1,249
798,439,6,1,299
799,440,10,2,449
800,440,8,1,199
801,440,9,2,229
802,441,6,1,299
803,442,12,1,999
804,443,14,1,1599
805,444,8,1,199
806,444,2,1,419
807,444,1,1,399
808,445,6,1,299
809,446,4,1,599
810,446,2,1,419
811,447,1,2,399
812,447,18,3,249
813,447,17,1,149
814,448,2,3,419
815,449,12,1,999
816,450,7,1,279
817,450,5,2,249
818,450,3,1,329
819,450,16,1,649
820,451,11,1,219
821,452,3,2,329
822,453,9,1,229
823,453,14,1,1599
824,454,3,1,329
825,454,2,1,419
826,455,11,3,219
827,456,11,1,219
828,456,8,1,199
829,456,5,1,249
830,457,1,1,399
831,457,18,1,249
832,457,5,1,249
833,457,7,1,279
834,458,14,1,1599
835,459,19,1,229
836,459,6,3,299
837,460,9,2,229
838,460,10,1,449
839,460,7,3,279
840,461,18,1,249
841,461,5,1,249
842,462,7,1,279
843,463,11,1,219
844,464,3,1,329
845,464,19,1,229
846,464,17,1,149
847,464,4,1,599
848,465,10,1,449
849,465,9,1,229
850,466,7,1,279
851,466,3,1,329
852,466,10,1,449
853,467,11,2,219
854,467,18,1,249
855,468,4,2,599
856,468,14,2,1599
857,469,16,1,649
858,470,15,1,799
859,471,15,1,799
860,472,18,1,249
861,473,2,3,419
862,473,12,1,999
863,474,17,1,149
864,475,13,3,849
865,475,4,1,599
866,476,19,1,229
867,477,8,1,199
868,478,19,1,229
869,478,14,1,1599
870,479,9,1,229
871,479,7,1,279
872,480,5,2,249
873,480,3,1,329
874,481,13,3,849
875,481,5,1,249
876,482,13,1,849
877,482,1,1,399
878,482,10,1,449
879,483,4,2,599
880,484,13,1,849
881,484,11,2,219
882,485,17,1,149
883,485,19,3,229
884,485,11,1,219
885,485,18,3,249
886,486,3,3,329
887,487,8,1,199
888,487,3,3,329
889,487,15,1,799
890,488,7,1,279
891,488,3,1,329
892,489,2,1,419
893,489,17,3,149
894,490,2,1,419
895,491,15,2,799
896,492,9,1,229
897,492,8,3,199
898,493,1,1,399
899,494,14,1,1599
900,494,5,2,249
901,495,10,1,449
902,495,3,1,329
903,495,7,1,279
904,496,12,1,999
905,497,5,2,249
906,498,2,2,419
907,499,10,3,449
908,500,11,1,219
909,501,19,1,229
910,501,4,1,599
911,502,6,1,299
912,503,13,1,849
913,504,10,1,449
914,504,2,1,419
915,504,3,1,329
916,505,2,1,419
917,505,19,1,229
918,506,2,2,419
919,506,5,3,249
920,507,1,1,399
921,508,9,2,229
922,509,2,2,419
923,510,6,2,299
924,510,15,1,799
925,510,2,3,419
926,511,11,2,219
927,511,19,1,229
928,512,11,2,219
929,512,2,1,419
930,512,3,2,329
931,513,10,2,449
932,514,18,2,249
933,515,9,2,229
934,516,8,1,199
935,517,18,2,249
936,517,17,1,149
937,518,7,1,279
938,518,8,3,199
939,518,6,1,299
940,519,18,2,249
941,519,12,1,999
942,520,6,1,299
943,520,19,1,229
944,521,10,1,449
945,522,6,1,299
946,522,11,1,219
947,522,17,1,149
948,522,15,1,799
949,523,6,1,299
950,524,12,3,999
951,524,7,1,279
952,525,9,1,229
953,526,7,1,279
954,527,14,1,1599
955,528,6,1,299
956,528,3,2,329
957,528,7,1,279
958,529,6,1,299
959,529,3,1,329
960,529,15,3,799
961,530,1,3,399
962,531,8,1,199
963,531,6,1,299
964,532,18,1,249
965,532,3,1,329
966,532,10,2,449
967,533,5,1,249
968,534,6,1,299
969,535,12,3,999
970,535,2,1,419
971,535,6,1,299
972,536,1,1,399
973,536,4,2,599
974,537,6,1,299
975,537,14,2,1599
976,538,16,1,649
977,538,2,2,419
978,539,6,1,299
979,540,20,1,1299
980,540,19,2,229
981,541,2,1,419
982,541,7,2,279
983,541,19,1,229
984,542,3,1,329
985,543,1,2,399
986,543,17,1,149
987,544,5,1,249
988,545,7,1,279
989,546,5,1,249
990,546,11,1,219
991,547,9,1,229
992,548,1,1,399
993,548,9,3,229
994,549,15,1,799
995,550,1,1,399
996,551,4,1,599
997,552,12,1,999
998,553,2,1,419
999,553,13,1,849
1000,553,8,2,199
1001,554,1,1,399
1002,555,14,1,1599
1003,555,6,1,299
1004,556,9,1,229
1005,556,18,1,249
1006,556,1,1,399
1007,557,4,1,599
1008,558,9,1,229
1009,559,15,2,799
1010,559,19,1,229
1011,560,5,2,249
1012,560,2,3,419
1013,560,10,1,449
1014,560,1,1,399
1015,561,11,1,219
1016,561,1,2,399
1017,562,14,1,1599
1018,563,13,1,849
1019,563,12,1,999
1020,564,8,2,199
1021,565,8,1,199
1022,566,2,1,419
1023,567,16,1,649
1024,568,11,2,219
1025,568,5,2,249
1026,569,17,1,149
1027,569,5,1,249
1028,569,7,1,279
1029,570,11,3,219
1030,571,7,1,279
1031,572,16,1,649
1032,572,4,1,599
1033,572,10,1,449
1034,573,5,2,249
1035,574,7,1,279
1036,574,1,1,399
1037,575,10,1,449
1038,575,7,1,279
1039,576,1,2,399
1040,576,3,1,329
1041,577,15,1,799
1042,578,9,1,229
1043,578,7,1,279
1044,579,8,2,199
1045,580,6,1,299
1046,580,11,3,219
1047,580,10,1,449
1048,581,17,2,149
1049,582,4,2,599
1050,582,19,1,229
1051,583,1,1,399
1052,584,3,1,329
1053,584,4,1,599
1054,584,16,1,649
1055,585,6,2,299
1056,585,2,3,419
1057,586,17,1,149
1058,586,3,3,329
1059,586,15,1,799
1060,587,14,1,1599
1061,587,17,1,149
1062,587,3,1,329
1063,587,10,1,449
1064,588,7,1,279
1065,589,8,1,199
1066,590,10,2,449
1067,590,11,1,219
1068,591,3,2,329
1069,592,9,1,229
1070,593,6,1,299
1071,594,5,1,249
1072,595,5,2,249
1073,596,9,1,229
1074,596,14,1,1599
1075,597,7,1,279
1076,597,14,1,1599
1077,598,9,1,229
1078,598,15,1,799
1079,599,7,1,279
1080,600,11,1,219
1081,600,4,1,599
1082,601,1,1,399
1083,601,19,3,229
1084,602,6,1,299
1085,603,9,1,229
1086,604,4,1,599
1087,605,2,1,419
1088,605,13,1,849
1089,605,18,1,249
1090,605,17,1,149
1091,606,7,1,279
1092,606,20,1,1299
1093,607,7,1,279
1094,607,2,1,419
1095,608,17,1,149
1096,608,3,1,329
1097,608,7,1,279
1098,609,3,2,329
1099,609,9,1,229
1100,609,1,2,399
1101,610,13,1,849
1102,611,10,1,449
1103,612,2,2,419
1104,613,7,1,279
1105,614,6,1,299
1106,614,14,1,1599
1107,615,7,1,279
1108,615,10,1,449
1109,616,14,3,1599
1110,616,6,1,299
1111,616,2,1,419
1112,617,15,2,799
1113,617,3,1,329
1114,617,7,1,279
1115,618,7,1,279
1116,619,7,1,279
1117,620,20,2,1299
1118,620,15,3,799
1119,621,11,3,219
1120,622,1,1,399
1121,622,18,1,249
1122,623,10,2,449
1123,624,8,1,199
1124,625,13,1,849
1125,625,5,1,249
1126,625,14,1,1599
1127,625,19,1,229
1128,626,15,1,799
1129,626,4,2,599
1130,626,8,1,199
1131,626,10,1,449
1132,627,2,1,419
1133,628,4,1,599
1134,629,19,1,229
1135,629,6,1,299
1136,630,1,1,399
1137,630,17,2,149
1138,630,18,1,249
1139,631,9,1,229
1140,632,8,2,199
1141,633,7,1,279
1142,633,18,1,249
1143,634,6,2,299
1144,634,10,1,449
1145,634,1,1,399
1146,635,11,1,219
1147,636,11,1,219
1148,636,2,1,419
1149,637,7,1,279
1150,638,17,2,149
1151,639,4,2,599
1152,640,7,1,279
1153,640,5,1,249
1154,640,3,1,329
1155,641,3,1,329
1156,641,13,1,849
1157,642,2,1,419
1158,643,13,1,849
1159,644,8,3,199
1160,645,17,3,149
1161,646,5,1,249
1162,647,2,1,419
1163,648,3,3,329
1164,649,4,1,599
1165,649,13,2,849
1166,650,18,2,249
1167,650,5,1,249
1168,650,3,1,329
1169,651,16,3,649
1170,652,4,2,599
1171,653,5,1,249
1172,653,12,1,999
1173,653,19,1,229
1174,654,4,1,599
1175,655,11,2,219
1176,655,19,1,229
1177,656,18,2,249
1178,656,2,1,419
1179,657,16,3,649
1180,657,5,1,249
1181,658,7,1,279
1182,658,19,2,229
1183,659,5,1,249
1184,660,5,3,249
1185,661,15,2,799
1186,661,1,2,399
1187,662,3,1,329
1188,662,6,1,299
1189,662,7,1,279
1190,663,17,1,149
1191,664,9,1,229
1192,664,8,2,199
1193,665,9,1,229
1194,665,20,1,1299
1195,666,19,1,229
1196,666,8,1,199
1197,667,8,1,199
1198,668,14,2,1599
1199,668,11,1,219
1200,669,18,1,249
1201,669,9,3,229
1202,670,10,1,449
1203,670,9,1,229
1204,671,6,2,299
1205,671,14,1,1599
1206,672,13,3,849
1207,673,2,1,419
1208,673,4,1,599
1209,673,9,2,229
1210,674,4,1,599
1211,674,19,2,229
1212,675,20,1,1299
1213,675,9,1,229
1214,676,4,1,599
1215,676,9,1,229
1216,676,5,2,249
1217,677,2,1,419
1218,678,10,1,449
1219,679,5,2,249
1220,679,6,3,299
1221,679,4,1,599
1222,680,5,1,249
1223,681,14,1,1599
1224,681,8,2,199
1225,681,10,2,449
1226,681,2,1,419
1227,682,19,1,229
1228,683,6,1,299
1229,683,4,1,599
1230,683,12,1,999
1231,684,12,1,999
1232,684,10,2,449
1233,684,3,3,329
1234,684,15,1,799
1235,685,10,1,449
1236,686,2,1,419
1237,686,18,2,249
1238,687,8,3,199
1239,687,17,1,149
1240,688,9,1,229
1241,689,10,3,449
1242,689,11,2,219
1243,690,1,1,399
1244,691,14,1,1599
1245,691,5,1,249
1246,692,19,1,229
1247,692,17,3,149
1248,692,16,1,649
1249,693,3,1,329
1250,693,2,1,419
1251,694,6,1,299
1252,694,17,1,149
1253,695,7,1,279
1254,696,1,1,399
1255,697,11,1,219
1256,697,13,2,849
1257,698,2,1,419
1258,699,7,1,279
1259,699,1,1,399
1260,699,5,1,249
1261,700,11,1,219
1262,700,7,2,279
1263,701,10,1,449
1264,701,2,1,419
1265,702,7,1,279
1266,703,1,1,399
1267,704,1,1,399
1268,705,19,1,229
1269,706,13,1,849
1270,706,10,1,449
1271,706,5,1,249
1272,707,18,1,249
1273,707,3,2,329
1274,708,3,2,329
1275,708,1,1,399
1276,708,9,1,229
1277,708,17,2,149
1278,709,1,1,399
1279,709,18,1,249
1280,710,19,1,229
1281,711,8,1,199
1282,712,11,2,219
1283,713,12,1,999
1284,714,5,1,249
1285,714,17,1,149
1286,714,19,3,229
1287,714,4,1,599
1288,715,18,1,249
1289,716,4,1,599
1290,717,6,1,299
1291,717,17,1,149
1292,718,17,1,149
1293,718,7,2,279
1294,719,8,2,199
1295,720,3,1,329
1296,720,7,1,279
1297,721,10,1,449
1298,721,1,2,399
1299,721,14,1,1599
1300,722,15,1,799
1301,723,9,1,229
1302,723,3,1,329
1303,724,1,1,399
1304,725,7,1,279
1305,726,2,1,419
1306,727,18,1,249
1307,727,3,1,329
1308,727,10,1,449
1309,728,4,1,599
1310,728,6,1,299
1311,728,18,2,249
1312,729,7,2,279
1313,730,5,1,249
1314,731,10,1,449
1315,731,19,3,229
1316,732,7,1,279
1317,732,11,2,219
1318,733,7,1,279
1319,734,5,1,249
1320,734,17,3,149
1321,734,18,1,249
1322,735,1,3,399
1323,736,3,1,329
1324,737,13,2,849
1325,738,1,1,399
1326,739,9,2,229
1327,739,18,1,249
1328,739,12,1,999
1329,740,6,1,299
1330,741,6,1,299
1331,741,1,1,399
1332,742,1,1,399
1333,742,9,1,229
1334,742,10,2,449
1335,743,20,1,1299
1336,744,6,1,299
1337,745,13,1,849
1338,746,3,1,329
1339,747,11,2,219
1340,747,3,3,329
1341,747,8,2,199
1342,748,10,3,449
1343,749,2,1,419
1344,749,10,1,449
1345,750,2,1,419
1346,750,5,3,249
1347,750,3,1,329
1348,751,7,3,279
1349,751,19,3,229
1350,751,8,1,199
1351,752,16,3,649
1352,753,1,3,399
1353,753,15,1,799
1354,753,9,1,229
1355,754,7,1,279
1356,755,2,3,419
1357,756,8,2,199
1358,756,5,1,249
1359,756,3,1,329
1360,757,15,2,799
1361,758,4,1,599
1362,759,8,1,199
1363,759,4,2,599
1364,759,2,2,419
1365,760,19,1,229
1366,760,18,1,249
1367,760,16,1,649
1368,761,16,2,649
1369,762,2,3,419
1370,762,6,1,299
1371,762,1,1,399
1372,763,3,1,329
1373,763,14,1,1599
1374,764,15,1,799
1375,765,7,1,279
1376,765,9,1,229
1377,766,9,1,229
1378,766,16,1,649
1379,767,2,1,419
1380,767,18,1,249
1381,767,13,1,849
1382,768,7,1,279
1383,769,15,1,799
1384,770,5,2,249
1385,771,18,1,249
1386,772,5,3,249
1387,772,20,1,1299
1388,773,2,1,419
1389,773,19,1,229
1390,774,6,2,299
1391,774,18,2,249
1392,775,10,1,449
1393,775,12,3,999
1394,776,14,1,1599
1395,776,11,1,219
1396,777,11,1,219
1397,777,18,1,249
1398,777,10,1,449
1399,778,3,1,329
1400,779,8,1,199
1401,780,3,1,329
1402,780,9,1,229
1403,781,1,1,399
1404,781,4,1,599
1405,782,5,1,249
1406,783,12,1,999
1407,784,3,1,329
1408,785,15,3,799
1409,786,2,1,419
1410,787,1,1,399
1411,788,7,1,279
1412,788,4,1,599
1413,788,6,1,299
1414,789,15,2,799
1415,789,9,1,229
1416,790,15,1,799
1417,790,9,1,229
1418,790,11,1,219
1419,791,2,1,419
1420,792,9,1,229
1421,792,7,1,279
1422,792,19,1,229
1423,793,15,2,799
1424,794,19,1,229
1425,795,1,1,399
1426,796,12,2,999
1427,797,2,3,419
1428,797,5,1,249
1429,798,17,2,149
1430,799,8,1,199
1431,799,14,1,1599
1432,800,11,2,219
1433,800,4,1,599
1434,800,19,1,229
1435,801,15,2,799
1436,802,18,1,249
1437,803,3,1,329
1438,804,18,1,249
1439,805,6,1,299
1440,806,13,1,849
1441,806,5,1,249
1442,807,4,1,599
1443,808,4,1,599
1444,809,3,1,329
1445,810,8,1,199
1446,810,18,1,249
1447,811,11,1,219
1448,811,1,3,399
1449,811,17,1,149
1450,811,14,1,1599
1451,812,15,1,799
1452,813,5,2,249
1453,814,12,2,999
1454,815,12,1,999
1455,815,19,2,229
1456,816,7,1,279
1457,816,2,3,419
1458,817,7,3,279
1459,817,8,1,199
1460,817,11,2,219
1461,818,12,2,999
1462,818,2,2,419
1463,819,11,1,219
1464,819,3,3,329
1465,820,16,1,649
1466,821,6,1,299
1467,822,20,1,1299
1468,823,11,1,219
1469,824,9,1,229
1470,825,5,3,249
1471,826,7,1,279
1472,827,1,1,399
1473,828,6,1,299
1474,828,18,2,249
1475,829,17,1,149
1476,829,1,1,399
1477,829,16,1,649
1478,830,2,1,419
1479,830,8,2,199
1480,830,12,1,999
1481,831,5,1,249
1482,831,20,1,1299
1483,831,8,1,199
1484,832,2,1,419
1485,833,16,2,649
1486,833,9,2,229
1487,833,11,2,219
1488,833,10,1,449
1489,834,11,3,219
1490,835,3,1,329
1491,835,2,1,419
1492,835,9,1,229
1493,836,12,1,999
1494,836,19,1,229
1495,837,11,1,219
1496,838,18,1,249
1497,839,4,1,599
1498,839,10,1,449
1499,840,2,3,419
1500,841,17,2,149
1501,842,2,2,419
1502,842,10,2,449
1503,842,18,1,249
1504,843,11,1,219
1505,843,13,1,849
1506,844,6,1,299
1507,844,9,1,229
1508,844,3,2,329
1509,845,10,1,449
1510,846,8,1,199
1511,847,4,2,599
1512,847,2,2,419
1513,847,19,1,229
1514,847,9,2,229
1515,848,18,1,249
1516,848,1,1,399
1517,849,13,2,849
1518,850,1,3,399
1519,850,19,1,229
1520,850,10,1,449
1521,851,6,1,299
1522,852,11,2,219
1523,852,9,1,229
1524,852,14,1,1599
1525,853,6,1,299
1526,853,18,1,249
1527,853,2,1,419
1528,854,12,2,999
1529,855,20,1,1299
1530,855,6,1,299
1531,855,11,1,219
1532,856,5,1,249
1533,857,1,2,399
1534,857,12,1,999
1535,858,2,2,419
1536,858,14,1,1599
1537,859,5,1,249
1538,860,4,1,599
1539,861,10,2,449
1540,862,7,2,279
1541,863,7,2,279
1542,863,14,1,1599
1543,864,5,3,249
1544,864,14,1,1599
1545,865,10,1,449
1546,865,9,1,229
1547,865,4,1,599
1548,866,7,1,279
1549,866,2,2,419
1550,867,2,1,419
1551,867,3,1,329
1552,867,1,1,399
1553,868,19,3,229
1554,869,2,1,419
1555,870,10,2,449
1556,871,19,1,229
1557,872,15,1,799
1558,872,14,1,1599
1559,873,19,3,229
1560,873,20,1,1299
1561,874,10,1,449
1562,874,8,1,199
1563,874,3,1,329
1564,875,11,1,219
1565,875,19,1,229
1566,875,2,1,419
1567,876,2,1,419
1568,876,14,1,1599
1569,876,9,1,229
1570,877,8,2,199
1571,878,18,2,249
1572,878,2,1,419
1573,879,7,1,279
1574,880,10,3,449
1575,880,1,2,399
1576,881,11,2,219
1577,881,12,1,999
1578,881,16,1,649
1579,882,19,1,229
1580,882,5,1,249
1581,883,13,3,849
1582,884,10,1,449
1583,884,5,1,249
1584,885,2,1,419
1585,885,5,1,249
1586,886,15,1,799
1587,886,16,1,649
1588,887,18,2,249
1589,888,2,1,419
1590,889,14,2,1599
1591,889,5,3,249
1592,890,10,3,449
1593,890,4,1,599
1594,891,3,2,329
1595,892,3,1,329
1596,893,17,2,149
1597,893,11,1,219
1598,893,10,1,449
1599,894,19,1,229
1600,895,16,2,649
1601,895,10,1,449
1602,895,1,1,399
1603,896,6,1,299
1604,897,7,1,279
1605,898,9,3,229
1606,899,11,1,219
1607,899,6,1,299
1608,900,7,1,279
1609,901,8,1,199
1610,902,6,1,299
1611,902,15,2,799
1612,902,17,1,149
1613,903,3,2,329
1614,903,15,1,799
1615,904,2,3,419
1616,904,9,1,229
1617,905,4,1,599
1618,905,8,1,199
1619,906,2,1,419
1620,906,3,1,329
1621,907,10,1,449
1622,908,16,1,649
1623,908,11,1,219
1624,909,4,1,599
1625,909,8,1,199
1626,909,13,2,849
1627,909,18,1,249
1628,910,19,1,229
1629,911,1,1,399
1630,912,3,1,329
1631,912,11,2,219
1632,913,20,3,1299
1633,913,3,2,329
1634,914,3,1,329
1635,915,17,1,149
1636,915,1,1,399
1637,916,11,1,219
1638,916,3,2,329
1639,917,9,2,229
1640,918,14,3,1599
1641,919,19,1,229
1642,920,14,2,1599
1643,921,19,2,229
1644,921,12,2,999
1645,921,9,1,229
1646,921,14,1,1599
1647,922,6,1,299
1648,922,10,2,449
1649,922,18,1,249
1650,923,5,1,249
1651,924,6,3,299
1652,924,12,1,999
1653,925,8,1,199
1654,925,17,2,149
1655,926,2,1,419
1656,926,16,1,649
1657,926,10,1,449
1658,927,11,2,219
1659,928,7,1,279
1660,928,1,1,399
1661,929,13,2,849
1662,930,18,1,249
1663,931,1,1,399
1664,932,3,2,329
1665,932,2,1,419
1666,932,12,1,999
1667,933,4,1,599
1668,933,2,1,419
1669,933,6,2,299
1670,933,8,2,199
1671,934,12,1,999
1672,935,2,2,419
1673,935,4,1,599
1674,935,1,1,399
1675,936,18,1,249
1676,936,2,1,419
1677,937,3,1,329
1678,938,16,1,649
1679,939,18,3,249
1680,940,18,2,249
1681,940,19,3,229
1682,941,2,2,419
1683,942,4,1,599
1684,943,2,1,419
1685,944,2,1,419
1686,944,14,1,1599
1687,945,13,1,849
1688,945,4,1,599
1689,946,2,1,419
1690,947,5,1,249
1691,948,7,1,279
1692,948,11,1,219
1693,948,17,2,149
1694,949,11,1,219
1695,949,1,1,399
1696,950,5,1,249
1697,950,6,2,299
1698,951,10,1,449
1699,951,15,2,799
1700,951,7,1,279
1701,951,5,1,249
1702,952,14,1,1599
1703,952,4,1,599
1704,953,13,1,849
1705,954,18,2,249
1706,955,15,1,799
1707,955,8,2,199
1708,956,11,2,219
1709,957,15,1,799
1710,957,1,1,399
1711,958,10,2,449
1712,958,11,1,219
1713,959,10,1,449
1714,959,4,2,599
1715,960,6,3,299
1716,961,9,1,229
1717,961,6,1,299
1718,962,20,1,1299
1719,963,9,1,229
1720,963,14,2,1599
1721,964,17,1,149
1722,964,4,3,599
1723,965,6,1,299
1724,965,18,1,249
1725,966,17,1,149
1726,967,16,2,649
1727,968,10,1,449
1728,969,10,1,449
1729,970,9,2,229
1730,970,17,1,149
1731,971,1,1,399
1732,972,8,1,199
1733,972,10,1,449
1734,972,18,1,249
1735,972,7,3,279
1736,973,14,3,1599
1737,974,16,1,649
1738,975,7,2,279
1739,975,2,2,419
1740,976,18,2,249
1741,977,11,1,219
1742,978,4,1,599
1743,979,11,1,219
1744,979,15,1,799
1745,980,9,1,229
1746,981,10,1,449
1747,981,8,1,199
1748,981,6,3,299
1749,981,11,2,219
1750,982,4,1,599
1751,983,1,2,399
1752,983,15,2,799
1753,984,4,3,599
1754,984,16,1,649
1755,985,11,1,219
1756,985,4,1,599
1757,986,18,2,249
1758,986,2,1,419
1759,987,5,1,249
1760,987,3,1,329
1761,987,2,1,419
1762,988,12,1,999
1763,988,10,1,449
1764,989,8,1,199
1765,990,19,1,229
1766,990,5,3,249
1767,990,7,1,279
1768,990,1,1,399
1769,991,2,1,419
1770,992,9,1,229
1771,992,3,2,329
1772,993,10,1,449
1773,993,12,1,999
1774,994,13,1,849
1775,995,11,1,219
1776,996,6,1,299
1777,997,5,1,249
1778,998,11,1,219
1779,999,5,1,249
1780,999,18,1,249
1781,1000,10,1,449
1782,1000,9,1,229
1783,1000,5,1,249
1784,1001,19,1,229
1785,1001,14,2,1599
1786,1002,4,2,599
1787,1002,1,1,399
1788,1003,6,1,299
1789,1003,20,3,1299
1790,1003,17,1,149
1791,1003,9,1,229
1792,1004,15,2,799
1793,1004,2,3,419
1794,1005,17,3,149
1795,1005,3,1,329
1796,1006,1,1,399
1797,1007,9,2,229
1798,1007,11,1,219
1799,1008,5,1,249
1800,1009,5,1,249
1801,1010,19,1,229
1802,1010,1,2,399
1803,1011,2,3,419
1804,1011,8,1,199
1805,1012,5,1,249
1806,1012,20,2,1299
1807,1013,19,1,229
1808,1014,2,1,419
1809,1014,6,1,299
1810,1014,19,1,229
1811,1014,11,1,219
1812,1015,1,1,399
1813,1015,4,2,599
1814,1016,13,2,849
1815,1016,3,2,329
1816,1016,2,1,419
1817,1016,8,1,199
1818,1017,7,2,279
1819,1018,1,2,399
1820,1019,7,2,279
1821,1019,15,1,799
1822,1019,8,2,199
1823,1020,13,2,849
1824,1020,3,1,329
1825,1021,10,1,449
1826,1022,9,2,229
1827,1022,13,1,849
1828,1023,10,2,449
1829,1023,19,1,229
1830,1024,17,3,149
1831,1025,5,2,249
1832,1025,4,2,599
1833,1025,8,1,199
1834,1025,11,1,219
1835,1026,2,3,419
1836,1026,16,1,649
1837,1027,17,1,149
1838,1028,3,2,329
1839,1028,8,2,199
1840,1028,9,1,229
1841,1029,2,1,419
1842,1030,7,1,279
1843,1030,1,3,399
1844,1030,6,1,299
1845,1030,8,1,199
1846,1031,5,3,249
1847,1031,10,3,449
1848,1032,19,1,229
1849,1032,3,1,329
1850,1032,10,1,449
1851,1032,6,1,299
1852,1033,3,1,329
1853,1034,11,1,219
1854,1034,2,2,419
1855,1035,2,1,419
1856,1035,9,2,229
1857,1035,11,2,219
1858,1036,4,2,599
1859,1036,8,2,199
1860,1036,7,1,279
1861,1037,7,2,279
1862,1037,19,1,229
1863,1038,20,2,1299
1864,1039,10,1,449
1865,1040,12,1,999
1866,1040,15,2,799
1867,1041,15,1,799
1868,1041,14,1,1599
1869,1041,1,1,399
1870,1042,15,1,799
1871,1043,3,1,329
1872,1043,17,1,149
1873,1043,13,2,849
1874,1044,16,1,649
1875,1045,3,2,329
1876,1045,8,1,199
1877,1045,7,1,279
1878,1046,9,1,229
1879,1046,11,1,219
1880,1046,2,1,419
1881,1047,2,3,419
1882,1047,15,2,799
1883,1047,5,1,249
1884,1048,16,3,649
1885,1048,4,1,599
1886,1049,7,1,279
1887,1049,20,1,1299
1888,1050,12,3,999
1889,1050,15,1,799
1890,1051,5,2,249
1891,1051,12,2,999
1892,1052,15,1,799
1893,1053,16,1,649
1894,1054,1,1,399
1895,1054,17,1,149
1896,1055,10,1,449
1897,1056,5,1,249
1898,1056,17,3,149
1899,1057,13,1,849
1900,1058,10,2,449
1901,1059,11,2,219
1902,1059,6,1,299
1903,1060,4,1,599
1904,1061,10,3,449
1905,1062,5,2,249
1906,1063,4,1,599
1907,1064,3,1,329
1908,1064,15,1,799
1909,1064,1,1,399
1910,1065,8,2,199
1911,1066,16,2,649
1912,1066,19,1,229
1913,1067,6,2,299
1914,1068,11,1,219
1915,1068,8,1,199
1916,1069,5,1,249
1917,1069,6,1,299
1918,1069,8,1,199
1919,1070,11,1,219
1920,1070,1,3,399
1921,1070,5,1,249
1922,1071,3,3,329
1923,1072,2,3,419
1924,1072,17,2,149
1925,1073,2,1,419
1926,1073,18,1,249
1927,1074,3,1,329
1928,1075,19,1,229
1929,1076,14,1,1599
1930,1077,10,1,449
1931,1078,18,1,249
1932,1078,9,1,229
1933,1079,16,1,649
1934,1080,14,2,1599
1935,1081,8,3,199
1936,1081,14,2,1599
1937,1082,3,1,329
1938,1083,12,1,999
1939,1084,1,1,399
1940,1084,7,1,279
1941,1084,10,1,449
1942,1084,18,1,249
1943,1085,9,2,229
1944,1086,10,1,449
1945,1087,18,1,249
1946,1087,17,1,149
1947,1088,1,2,399
1948,1089,10,1,449
1949,1090,5,1,249
1950,1091,14,1,1599
1951,1091,7,2,279
1952,1092,5,2,249
1953,1092,14,1,1599
1954,1093,19,1,229
1955,1094,6,2,299
1956,1095,10,2,449
1957,1095,8,1,199
1958,1096,17,1,149
1959,1097,7,1,279
1960,1097,3,1,329
1961,1097,15,1,799
1962,1098,11,1,219
1963,1098,16,1,649
1964,1099,6,1,299
1965,1100,1,1,399
1966,1101,5,1,249
1967,1102,15,2,799
1968,1103,17,1,149
1969,1104,11,1,219
1970,1104,20,1,1299
1971,1105,19,1,229
1972,1106,4,1,599
1973,1106,6,1,299
1974,1107,5,1,249
1975,1108,15,2,799
1976,1109,2,2,419
1977,1110,11,1,219
1978,1111,1,2,399
1979,1111,4,1,599
1980,1111,2,1,419
1981,1111,8,1,199
1982,1112,17,1,149
1983,1112,8,1,199
1984,1113,3,2,329
1985,1113,13,1,849
1986,1113,6,2,299
1987,1114,8,1,199
1988,1114,19,1,229
1989,1115,7,1,279
1990,1115,18,1,249
1991,1115,19,1,229
1992,1116,4,2,599
1993,1117,13,1,849
1994,1117,3,1,329
1995,1118,18,1,249
1996,1118,3,2,329
1997,1119,15,2,799
1998,1120,1,1,399
1999,1121,7,2,279
2000,1121,8,1,199
2001,1122,19,2,229
2002,1123,10,1,449
2003,1123,8,1,199
2004,1124,7,1,279
2005,1125,5,1,249
2006,1125,15,1,799
2007,1126,15,1,799
2008,1126,9,2,229
2009,1127,10,2,449
2010,1127,19,1,229
2011,1128,7,1,279
2012,1128,1,1,399
2013,1128,10,1,449
2014,1129,11,3,219
2015,1129,10,1,449
2016,1129,13,2,849
2017,1130,5,1,249
2018,1131,9,1,229
2019,1131,13,1,849
2020,1132,1,1,399
2021,1133,11,1,219
2022,1133,5,2,249
2023,1134,12,1,999
2024,1134,18,1,249
2025,1135,7,2,279
2026,1136,2,1,419
2027,1136,3,2,329
2028,1137,4,1,599
2029,1138,8,1,199
2030,1139,9,1,229
2031,1140,1,1,399
2032,1141,5,1,249
2033,1141,4,1,599
2034,1142,2,1,419
2035,1143,11,2,219
2036,1143,15,1,799
2037,1143,1,1,399
2038,1144,17,1,149
2039,1144,19,1,229
2040,1144,5,3,249
2041,1145,2,1,419
2042,1146,9,1,229
2043,1147,11,1,219
2044,1148,4,2,599
2045,1148,13,1,849
2046,1148,1,3,399
2047,1149,5,1,249
2048,1149,9,1,229
2049,1150,7,3,279
2050,1150,9,1,229
2051,1150,1,2,399
2052,1151,3,1,329
2053,1151,15,3,799
2054,1151,1,1,399
2055,1151,17,1,149
2056,1152,7,1,279
2057,1152,3,1,329
2058,1153,6,3,299
2059,1153,14,1,1599
2060,1154,17,1,149
2061,1154,6,1,299
2062,1155,3,1,329
2063,1155,10,2,449
2064,1155,17,1,149
2065,1155,19,2,229
2066,1156,18,1,249
2067,1157,6,3,299
2068,1157,8,2,199
2069,1157,4,1,599
2070,1158,13,2,849
2071,1158,17,3,149
2072,1159,16,1,649
2073,1160,11,1,219
2074,1160,7,1,279
2075,1160,19,1,229
2076,1161,8,1,199
2077,1161,1,1,399
2078,1162,14,1,1599
2079,1162,9,2,229
2080,1162,19,1,229
2081,1163,4,2,599
2082,1164,5,2,249
2083,1165,1,1,399
2084,1165,2,1,419
2085,1166,11,1,219
2086,1166,18,1,249
2087,1167,6,2,299
2088,1168,16,1,649
2089,1168,7,2,279
2090,1169,6,1,299
2091,1170,7,2,279
2092,1171,18,2,249
2093,1171,2,1,419
2094,1171,9,1,229
2095,1172,9,1,229
2096,1172,1,1,399
2097,1173,11,1,219
2098,1174,11,1,219
2099,1175,2,1,419
2100,1176,7,1,279
2101,1176,18,2,249
2102,1177,18,1,249
2103,1177,10,2,449
2104,1178,10,1,449
2105,1178,8,1,199
2106,1178,2,1,419
2107,1179,15,2,799
2108,1179,5,1,249
2109,1180,10,1,449
2110,1180,11,1,219
2111,1180,14,1,1599
2112,1181,4,1,599
2113,1182,19,1,229
2114,1183,17,1,149
2115,1183,14,1,1599
2116,1183,11,1,219
2117,1184,12,1,999
2118,1185,8,1,199
2119,1186,2,1,419
2120,1187,7,3,279
2121,1187,9,1,229
2122,1187,3,1,329
2123,1188,3,1,329
2124,1189,4,2,599
2125,1189,18,1,249
2126,1190,12,1,999
2127,1190,4,1,599
2128,1190,10,2,449
2129,1190,18,1,249
2130,1191,16,1,649
2131,1191,10,3,449
2132,1191,2,2,419
2133,1192,17,2,149
2134,1192,5,1,249
2135,1193,2,1,419
2136,1194,1,2,399
2137,1194,4,1,599
2138,1194,7,2,279
2139,1195,6,2,299
2140,1195,10,1,449
2141,1196,12,2,999
2142,1197,11,1,219
2143,1198,7,1,279
2144,1199,3,2,329
2145,1199,11,1,219
2146,1200,12,1,999
2147,1201,5,2,249
2148,1202,1,1,399
2149,1203,7,1,279
2150,1203,1,3,399
2151,1204,2,1,419
2152,1205,5,2,249
2153,1206,2,2,419
2154,1207,12,1,999
2155,1207,10,1,449
2156,1208,9,2,229
2157,1208,17,1,149
2158,1208,11,1,219
2159,1209,7,1,279
2160,1209,8,2,199
2161,1210,6,1,299
2162,1210,1,1,399
2163,1210,13,1,849
2164,1211,11,1,219
2165,1211,4,1,599
2166,1212,4,1,599
2167,1213,6,2,299
2168,1214,1,3,399
2169,1214,16,1,649
2170,1215,1,1,399
2171,1216,5,1,249
2172,1217,1,2,399
2173,1217,12,1,999
2174,1218,4,1,599
2175,1218,18,1,249
2176,1219,7,1,279
2177,1220,1,1,399
2178,1220,17,1,149
2179,1220,8,1,199
2180,1221,15,1,799
2181,1221,12,1,999
2182,1222,5,1,249
2183,1222,8,1,199
2184,1222,16,1,649
2185,1223,8,1,199
2186,1224,15,1,799
2187,1224,16,1,649
2188,1225,11,1,219
2189,1225,7,1,279
2190,1225,9,1,229
2191,1225,4,1,599
2192,1226,3,1,329
2193,1226,1,3,399
2194,1226,2,1,419
2195,1227,4,1,599
2196,1228,1,1,399
2197,1228,8,1,199
2198,1228,19,2,229
2199,1229,16,1,649
2200,1230,2,3,419
2201,1231,6,3,299
2202,1232,3,1,329
2203,1232,17,1,149
2204,1233,17,1,149
2205,1234,15,1,799
2206,1234,18,2,249
2207,1235,2,1,419
2208,1236,5,1,249
2209,1237,9,1,229
2210,1237,18,1,249
2211,1237,7,1,279
2212,1237,3,1,329
2213,1238,7,3,279
2214,1238,14,2,1599
2215,1239,9,1,229
2216,1239,1,2,399
2217,1239,19,1,229
2218,1240,3,1,329
2219,1241,1,1,399
2220,1242,13,1,849
2221,1242,6,1,299
2222,1242,10,3,449
2223,1243,9,1,229
2224,1243,13,1,849
2225,1244,7,1,279
2226,1244,17,1,149
2227,1244,18,2,249
2228,1245,18,1,249
2229,1246,1,1,399
2230,1247,8,3,199
2231,1248,9,2,229
2232,1248,17,3,149
2233,1249,2,1,419
2234,1249,19,1,229
2235,1250,3,1,329
2236,1251,9,1,229
2237,1251,19,2,229
2238,1252,4,1,599
2239,1252,14,1,1599
2240,1252,8,2,199
2241,1253,14,1,1599
2242,1254,15,2,799
2243,1254,2,1,419
2244,1254,3,1,329
2245,1255,6,1,299
2246,1256,10,1,449
2247,1257,18,1,249
2248,1257,14,1,1599
2249,1258,6,1,299
2250,1258,13,1,849
2251,1259,2,1,419
2252,1259,8,3,199
2253,1260,4,1,599
2254,1260,7,1,279
2255,1261,6,1,299
2256,1262,13,1,849
2257,1262,1,1,399
2258,1263,6,1,299
2259,1263,4,1,599
2260,1263,17,1,149
2261,1264,13,2,849
2262,1264,2,2,419
2263,1264,18,2,249
2264,1265,1,2,399
2265,1265,7,1,279
2266,1265,4,1,599
2267,1266,15,1,799
2268,1267,3,1,329
2269,1268,2,2,419
2270,1268,16,1,649
2271,1269,14,1,1599
2272,1269,9,1,229
2273,1269,4,1,599
2274,1270,9,1,229
2275,1271,3,1,329
2276,1272,12,1,999
2277,1273,19,1,229
2278,1274,7,1,279
2279,1275,11,1,219
2280,1275,3,1,329
2281,1276,8,1,199
2282,1277,13,1,849
2283,1277,4,1,599
2284,1277,5,1,249
2285,1278,6,1,299
2286,1278,7,1,279
2287,1279,11,1,219
2288,1279,20,1,1299
2289,1279,10,1,449
2290,1280,15,2,799
2291,1280,1,1,399
2292,1281,18,2,249
2293,1281,9,3,229
2294,1281,10,3,449
2295,1282,6,1,299
2296,1283,9,1,229
2297,1283,11,3,219
2298,1284,5,1,249
2299,1285,2,2,419
2300,1285,4,2,599
2301,1286,9,2,229
2302,1286,4,1,599
2303,1286,6,1,299
2304,1286,1,1,399
2305,1287,18,1,249
2306,1288,1,1,399
2307,1288,9,1,229
2308,1288,11,1,219
2309,1289,8,1,199
2310,1290,11,1,219
2311,1290,2,1,419
2312,1291,3,2,329
2313,1292,4,1,599
2314,1292,17,1,149
2315,1292,11,1,219
2316,1293,3,2,329
2317,1294,4,2,599
2318,1295,10,3,449
2319,1295,9,1,229
2320,1295,7,2,279
2321,1296,15,1,799
2322,1296,4,1,599
2323,1297,7,1,279
2324,1297,9,2,229
2325,1297,2,1,419
2326,1298,9,2,229
2327,1298,2,1,419
2328,1299,2,1,419
2329,1300,7,2,279
2330,1301,7,1,279
2331,1302,16,1,649
2332,1303,1,1,399
2333,1303,13,2,849
2334,1303,9,1,229
2335,1304,1,1,399
2336,1304,19,1,229
2337,1305,5,1,249
2338,1305,3,1,329
2339,1306,14,1,1599
2340,1307,10,1,449
2341,1308,5,1,249
2342,1308,6,1,299
2343,1309,6,2,299
2344,1309,14,1,1599
2345,1310,10,1,449
2346,1311,18,3,249
2347,1311,3,1,329
2348,1312,17,2,149
2349,1312,13,1,849
2350,1313,18,1,249
2351,1313,6,2,299
2352,1314,6,1,299
2353,1315,3,1,329
2354,1316,2,3,419
2355,1317,6,1,299
2356,1317,13,2,849
2357,1317,17,1,149
2358,1318,17,2,149
2359,1319,9,2,229
2360,1320,11,1,219
2361,1321,1,1,399
2362,1322,3,1,329
2363,1322,9,2,229
2364,1322,2,2,419
2365,1323,12,2,999
2366,1323,9,1,229
2367,1324,10,3,449
2368,1325,10,1,449
2369,1325,13,1,849
2370,1325,6,1,299
2371,1326,18,1,249
2372,1327,2,1,419
2373,1328,12,2,999
2374,1328,10,3,449
2375,1329,15,1,799
2376,1330,9,1,229
2377,1330,5,1,249
2378,1331,3,2,329
2379,1332,4,1,599
2380,1333,16,1,649
2381,1333,14,1,1599
2382,1334,2,2,419
2383,1334,7,2,279
2384,1335,6,1,299
2385,1336,13,1,849
2386,1337,9,1,229
2387,1338,10,3,449
2388,1338,16,1,649
2389,1338,19,1,229
2390,1339,5,1,249
2391,1340,11,1,219
2392,1341,1,1,399
2393,1341,9,2,229
2394,1342,4,2,599
2395,1342,6,1,299
2396,1343,14,1,1599
2397,1344,8,1,199
2398,1345,2,1,419
2399,1346,17,1,149
2400,1346,16,2,649
2401,1346,4,2,599
2402,1346,14,1,1599
2403,1347,7,1,279
2404,1347,2,2,419
2405,1347,19,1,229
2406,1348,5,1,249
2407,1348,18,1,249
2408,1349,19,2,229
2409,1349,18,3,249
2410,1349,17,1,149
2411,1350,14,1,1599
2412,1350,9,1,229
2413,1351,2,2,419
2414,1352,14,2,1599
2415,1352,5,1,249
2416,1352,18,1,249
2417,1353,5,1,249
2418,1353,10,1,449
2419,1353,1,3,399
2420,1354,18,1,249
2421,1354,20,1,1299
2422,1355,17,1,149
2423,1355,1,1,399
2424,1355,10,1,449
2425,1355,5,1,249
2426,1356,3,1,329
2427,1356,7,1,279
2428,1357,7,1,279
2429,1357,6,1,299
2430,1357,19,2,229
2431,1358,9,1,229
2432,1359,3,1,329
2433,1360,4,3,599
2434,1360,3,1,329
2435,1361,6,3,299
2436,1362,18,1,249
2437,1362,2,1,419
2438,1362,6,1,299
2439,1362,7,2,279
2440,1363,3,1,329
2441,1364,17,1,149
2442,1364,3,1,329
2443,1364,8,3,199
2444,1364,2,1,419
2445,1365,2,1,419
2446,1365,7,2,279
2447,1366,17,2,149
2448,1366,10,2,449
2449,1367,6,2,299
2450,1367,14,1,1599
2451,1368,3,1,329
2452,1368,5,1,249
2453,1368,4,2,599
2454,1369,11,3,219
2455,1370,8,2,199
2456,1370,17,1,149
2457,1370,14,1,1599
2458,1371,3,3,329
2459,1372,2,1,419
2460,1373,9,1,229
2461,1374,11,1,219
2462,1374,10,1,449
2463,1375,11,1,219
2464,1375,16,1,649
2465,1375,12,2,999
2466,1375,4,3,599
2467,1376,10,1,449
2468,1376,5,1,249
2469,1377,2,3,419
2470,1377,4,1,599
2471,1378,10,1,449
2472,1379,10,1,449
2473,1379,9,2,229
2474,1380,5,1,249
2475,1380,8,2,199
2476,1380,15,1,799
2477,1381,1,2,399
2478,1382,1,1,399
2479,1382,3,2,329
2480,1383,6,1,299
2481,1383,3,1,329
2482,1383,15,1,799
2483,1383,10,1,449
2484,1384,4,3,599
2485,1384,9,2,229
2486,1385,9,1,229
2487,1386,6,1,299
2488,1386,17,1,149
2489,1387,2,2,419
2490,1387,6,1,299
2491,1387,11,1,219
2492,1387,19,3,229
2493,1388,4,1,599
2494,1389,18,1,249
2495,1389,8,1,199
2496,1390,6,1,299
2497,1391,6,2,299
2498,1391,15,1,799
2499,1392,1,1,399
2500,1393,2,2,419
2501,1393,3,1,329
2502,1393,8,3,199
2503,1394,8,1,199
2504,1395,17,3,149
2505,1396,14,1,1599
2506,1397,12,1,999
2507,1398,6,2,299
2508,1399,15,1,799
2509,1399,5,1,249
2510,1399,17,2,149
2511,1399,1,2,399
2512,1400,10,2,449
2513,1401,8,1,199
2514,1402,17,1,149
2515,1403,11,3,219
2516,1403,7,2,279
2517,1403,14,2,1599
2518,1403,5,1,249
2519,1404,6,1,299
2520,1405,16,1,649
2521,1406,6,1,299
2522,1407,6,1,299
2523,1407,14,1,1599
2524,1408,5,2,249
2525,1408,6,1,299
2526,1409,2,2,419
2527,1410,6,1,299
2528,1410,3,1,329
2529,1411,12,1,999
2530,1412,3,1,329
2531,1413,7,1,279
2532,1414,3,1,329
2533,1415,2,2,419
2534,1416,19,1,229
2535,1417,2,2,419
2536,1417,10,2,449
2537,1418,4,2,599
2538,1419,15,1,799
2539,1419,19,3,229
2540,1420,15,1,799
2541,1421,14,1,1599
2542,1422,13,2,849
2543,1423,15,3,799
2544,1423,1,1,399
2545,1424,5,1,249
2546,1424,6,2,299
2547,1424,19,2,229
2548,1425,14,2,1599
2549,1425,9,1,229
2550,1426,1,2,399
2551,1426,18,1,249
2552,1427,6,1,299
2553,1428,7,1,279
2554,1428,11,1,219
2555,1429,10,1,449
2556,1430,3,1,329
2557,1430,12,1,999
2558,1430,9,1,229
2559,1430,5,1,249
2560,1431,3,2,329
2561,1432,5,1,249
2562,1433,16,1,649
2563,1434,13,1,849
2564,1435,14,1,1599
2565,1435,7,1,279
2566,1435,3,3,329
2567,1436,1,3,399
2568,1437,2,1,419
2569,1438,12,3,999
2570,1439,8,3,199
2571,1439,2,1,419
2572,1439,19,1,229
2573,1440,4,1,599
2574,1441,7,1,279
2575,1441,14,1,1599
2576,1441,6,1,299
2577,1442,8,1,199
2578,1443,2,1,419
2579,1443,15,2,799
2580,1443,7,1,279
2581,1444,9,1,229
2582,1444,15,1,799
2583,1445,1,1,399
2584,1446,2,1,419
2585,1447,6,1,299
2586,1448,6,1,299
2587,1448,7,1,279
2588,1449,14,1,1599
2589,1449,3,2,329
2590,1449,18,3,249
2591,1450,11,1,219
2592,1450,1,3,399
2593,1450,6,1,299
2594,1451,7,1,279
2595,1452,9,3,229
2596,1452,2,2,419
2597,1453,11,2,219
2598,1454,5,2,249
2599,1454,16,3,649
2600,1454,6,1,299
2601,1455,15,1,799
2602,1455,9,1,229
2603,1456,8,1,199
2604,1456,4,2,599
2605,1456,14,1,1599
2606,1457,1,2,399
2607,1458,4,1,599
2608,1459,3,1,329
2609,1460,9,3,229
2610,1460,2,1,419
2611,1460,12,1,999
2612,1461,2,3,419
2613,1462,11,1,219
2614,1463,3,2,329
2615,1464,6,3,299
2616,1464,9,1,229
2617,1464,1,1,399
2618,1464,7,1,279
2619,1465,10,1,449
2620,1466,4,1,599
2621,1466,11,1,219
2622,1466,8,1,199
2623,1467,1,1,399
2624,1467,6,2,299
2625,1468,8,1,199
2626,1469,5,1,249
2627,1469,2,3,419
2628,1470,1,1,399
2629,1471,1,1,399
2630,1471,5,1,249
2631,1472,9,1,229
2632,1472,10,1,449
2633,1472,1,3,399
2634,1473,10,2,449
2635,1473,3,1,329
2636,1474,1,2,399
2637,1475,12,1,999
2638,1475,13,1,849
2639,1475,15,3,799
2640,1476,1,1,399
2641,1477,16,1,649
2642,1478,11,2,219
2643,1479,13,1,849
2644,1480,9,1,229
2645,1480,1,1,399
2646,1481,2,1,419
2647,1482,6,1,299
2648,1483,19,1,229
2649,1484,17,1,149
2650,1484,10,3,449
2651,1485,1,1,399
2652,1485,8,1,199
2653,1486,7,2,279
2654,1486,4,1,599
2655,1487,12,1,999
2656,1488,1,1,399
2657,1489,5,1,249
2658,1490,5,1,249
2659,1491,13,1,849
2660,1492,3,1,329
2661,1492,10,1,449
2662,1492,4,2,599
2663,1493,11,1,219
2664,1494,18,1,249
2665,1495,7,2,279
2666,1495,11,1,219
2667,1495,6,2,299
2668,1496,2,2,419
2669,1496,17,2,149
2670,1496,4,2,599
2671,1496,10,3,449
2672,1497,6,2,299
2673,1497,20,1,1299
2674,1498,18,3,249
2675,1498,5,1,249
2676,1498,12,2,999
2677,1498,17,1,149
2678,1499,8,1,199
2679,1499,6,1,299
2680,1500,19,3,229
2681,1501,17,1,149
2682,1501,13,3,849
2683,1502,7,2,279
2684,1503,12,1,999
2685,1504,13,3,849
2686,1504,7,2,279
2687,1504,6,1,299
2688,1504,11,1,219
2689,1505,6,1,299
2690,1505,2,1,419
2691,1506,4,2,599
2692,1506,3,1,329
2693,1506,20,3,1299
2694,1507,16,2,649
2695,1508,2,2,419
2696,1509,3,1,329
2697,1510,16,2,649
2698,1510,11,1,219
2699,1511,13,2,849
2700,1511,11,1,219
2701,1512,10,1,449
2702,1513,1,3,399
2703,1513,5,1,249
2704,1514,4,2,599
2705,1515,4,2,599
2706,1516,15,1,799
2707,1517,19,1,229
2708,1517,8,1,199
2709,1518,2,1,419
2710,1519,2,2,419
2711,1520,12,1,999
2712,1520,9,2,229
2713,1521,11,1,219
2714,1521,2,1,419
2715,1521,1,1,399
2716,1521,7,2,279
2717,1522,15,1,799
2718,1522,3,2,329
2719,1522,1,2,399
2720,1523,13,1,849
2721,1524,6,1,299
2722,1524,2,2,419
2723,1525,4,1,599
2724,1525,15,1,799
2725,1525,2,1,419
2726,1525,18,1,249
2727,1526,7,1,279
2728,1527,7,1,279
2729,1528,8,1,199
2730,1529,6,2,299
2731,1530,12,3,999
2732,1531,1,3,399
2733,1532,14,1,1599
2734,1532,8,3,199
2735,1532,2,1,419
2736,1532,5,1,249
2737,1533,15,1,799
2738,1533,3,1,329
2739,1534,5,1,249
2740,1534,7,2,279
2741,1534,17,2,149
2742,1534,4,2,599
2743,1535,8,1,199
2744,1536,18,1,249
2745,1536,10,1,449
2746,1537,16,1,649
2747,1538,5,1,249
2748,1538,8,1,199
2749,1538,18,1,249
2750,1539,6,3,299
2751,1540,13,1,849
2752,1540,2,1,419
2753,1541,2,1,419
2754,1541,17,2,149
2755,1542,1,1,399
2756,1543,16,1,649
2757,1543,17,1,149
2758,1543,5,2,249
2759,1544,9,1,229
2760,1545,10,2,449
2761,1546,14,2,1599
2762,1547,4,1,599
2763,1547,7,1,279
2764,1548,3,1,329
2765,1548,6,1,299
2766,1548,9,1,229
2767,1549,5,1,249
2768,1550,15,1,799
2769,1550,17,1,149
2770,1550,3,1,329
2771,1550,5,1,249
2772,1551,2,3,419
2773,1552,5,2,249
2774,1552,2,1,419
2775,1553,2,1,419
2776,1554,7,1,279
2777,1554,11,1,219
2778,1555,4,3,599
2779,1555,11,3,219
2780,1555,17,1,149
2781,1556,1,1,399
2782,1556,7,2,279
2783,1556,18,1,249
2784,1557,15,1,799
2785,1558,16,1,649
2786,1559,12,1,999
2787,1559,6,1,299
2788,1559,4,2,599
2789,1559,1,1,399
2790,1560,1,1,399
2791,1560,18,2,249
2792,1561,5,1,249
2793,1562,19,1,229
2794,1562,13,1,849
2795,1562,6,1,299
2796,1563,19,1,229
2797,1563,1,1,399
2798,1564,18,3,249
2799,1564,8,1,199
2800,1564,2,2,419
2801,1565,6,1,299
2802,1565,1,1,399
2803,1565,16,1,649
2804,1566,20,1,1299
2805,1566,2,1,419
2806,1567,19,2,229
2807,1568,10,2,449
2808,1568,16,1,649
2809,1569,4,1,599
2810,1569,18,1,249
2811,1570,5,3,249
2812,1570,18,1,249
2813,1570,17,1,149
2814,1571,14,1,1599
2815,1571,6,1,299
2816,1572,7,1,279
2817,1572,3,1,329
2818,1573,15,2,799
2819,1574,2,2,419
2820,1574,12,1,999
2821,1574,6,2,299
2822,1574,14,1,1599
2823,1575,8,1,199
2824,1575,6,1,299
2825,1575,2,1,419
2826,1576,6,1,299
2827,1576,12,2,999
2828,1577,1,3,399
2829,1577,10,1,449
2830,1577,18,1,249
2831,1578,2,1,419
2832,1579,5,1,249
2833,1580,20,1,1299
2834,1581,11,1,219
2835,1581,13,2,849
2836,1582,4,1,599
2837,1582,12,1,999
2838,1583,13,1,849
2839,1583,7,2,279
2840,1583,6,1,299
2841,1584,16,1,649
2842,1585,11,1,219
2843,1585,20,1,1299
2844,1586,13,1,849
2845,1587,5,1,249
2846,1587,6,1,299
2847,1588,6,1,299
2848,1589,6,2,299
2849,1589,18,1,249
2850,1589,8,1,199
2851,1590,1,3,399
2852,1591,7,1,279
2853,1592,2,3,419
2854,1592,4,2,599
2855,1592,11,2,219
2856,1593,8,1,199
2857,1594,13,3,849
2858,1594,3,1,329
2859,1595,4,1,599
2860,1596,19,2,229
2861,1596,11,1,219
2862,1597,4,1,599
2863,1597,16,2,649
2864,1597,8,1,199
2865,1598,11,1,219
2866,1599,18,1,249
2867,1599,19,1,229
2868,1599,4,1,599
2869,1600,6,2,299
2870,1600,7,2,279
2871,1600,2,1,419
2872,1601,18,2,249
2873,1601,5,1,249
2874,1601,6,2,299
2875,1601,10,1,449
2876,1602,4,1,599
2877,1602,19,1,229
2878,1602,6,2,299
2879,1603,19,1,229
2880,1603,9,1,229
2881,1603,18,3,249
2882,1603,15,1,799
2883,1604,11,1,219
2884,1605,2,3,419
2885,1605,16,2,649
2886,1606,4,2,599
2887,1607,4,1,599
2888,1607,17,1,149
2889,1608,1,1,399
2890,1608,15,2,799
2891,1608,16,1,649
2892,1609,3,1,329
2893,1610,15,2,799
2894,1610,18,1,249
2895,1611,8,1,199
2896,1611,12,1,999
2897,1611,3,1,329
2898,1611,16,1,649
2899,1612,18,2,249
2900,1613,6,2,299
2901,1614,12,2,999
2902,1615,11,1,219
2903,1615,4,1,599
2904,1615,10,2,449
2905,1616,11,2,219
2906,1616,14,1,1599
2907,1616,6,1,299
2908,1617,1,3,399
2909,1618,15,2,799
2910,1618,3,1,329
2911,1618,1,1,399
2912,1619,19,1,229
2913,1620,18,2,249
2914,1620,9,1,229
2915,1621,19,1,229
2916,1622,10,1,449
2917,1623,19,1,229
2918,1624,1,1,399
2919,1625,6,2,299
2920,1626,19,2,229
2921,1626,11,1,219
2922,1626,1,1,399
2923,1627,6,1,299
2924,1628,6,1,299
2925,1628,2,1,419
2926,1629,18,1,249
2927,1629,7,1,279
2928,1630,8,2,199
2929,1630,1,2,399
2930,1631,17,1,149
2931,1632,13,1,849
2932,1632,19,1,229
2933,1633,8,1,199
2934,1634,14,1,1599
2935,1635,10,1,449
2936,1636,1,1,399
2937,1637,16,2,649
2938,1638,5,1,249
2939,1638,1,1,399
2940,1638,19,1,229
2941,1639,10,3,449
2942,1639,17,1,149
2943,1640,1,1,399
2944,1640,6,1,299
2945,1640,7,1,279
2946,1641,2,1,419
2947,1642,10,2,449
2948,1642,3,1,329
2949,1643,2,1,419
2950,1644,19,2,229
2951,1645,10,1,449
2952,1645,18,1,249
2953,1645,13,1,849
2954,1646,4,1,599
2955,1646,11,1,219
2956,1646,9,1,229
2957,1647,4,1,599
2958,1647,15,1,799
2959,1648,20,2,1299
2960,1648,7,1,279
2961,1648,3,2,329
2962,1648,14,1,1599
2963,1649,6,1,299
2964,1649,9,2,229
2965,1649,2,1,419
2966,1650,12,1,999
2967,1651,2,2,419
2968,1652,5,1,249
2969,1653,10,3,449
2970,1653,4,1,599
2971,1653,5,1,249
2972,1654,3,1,329
2973,1654,18,2,249
2974,1654,1,1,399
2975,1655,4,1,599
2976,1656,16,1,649
2977,1656,15,3,799
2978,1656,11,2,219
2979,1657,15,1,799
2980,1658,4,1,599
2981,1659,15,1,799
2982,1660,18,1,249
2983,1660,3,1,329
2984,1661,4,1,599
2985,1662,11,1,219
2986,1662,7,3,279
2987,1663,13,1,849
2988,1664,9,1,229
2989,1664,8,1,199
2990,1665,7,3,279
2991,1665,15,2,799
2992,1666,1,1,399
2993,1667,7,2,279
2994,1667,2,2,419
2995,1667,10,1,449
2996,1668,3,1,329
2997,1668,6,1,299
2998,1668,4,2,599
2999,1668,7,2,279
3000,1669,10,2,449
3001,1670,13,3,849
3002,1670,8,1,199
3003,1671,19,1,229
3004,1672,15,2,799
3005,1672,1,2,399
3006,1673,10,1,449
3007,1674,8,1,199
3008,1674,3,1,329
3009,1674,6,1,299
3010,1675,2,1,419
3011,1676,18,2,249
3012,1676,1,1,399
3013,1676,3,3,329
3014,1676,5,1,249
3015,1677,1,1,399
3016,1677,15,1,799
3017,1677,6,1,299
3018,1677,14,1,1599
3019,1678,10,2,449
3020,1678,6,1,299
3021,1679,7,1,279
3022,1680,17,1,149
3023,1681,3,1,329
3024,1681,2,1,419
3025,1682,6,1,299
3026,1682,7,2,279
3027,1683,3,1,329
3028,1683,2,1,419
3029,1683,10,1,449
3030,1684,5,1,249
3031,1685,2,2,419
3032,1685,14,1,1599
3033,1685,5,1,249
3034,1686,20,1,1299
3035,1686,1,2,399
3036,1687,13,2,849
3037,1687,11,1,219
3038,1687,6,1,299
3039,1687,8,3,199
3040,1688,19,1,229
3041,1688,5,2,249
3042,1688,13,2,849
3043,1689,3,3,329
3044,1690,3,1,329
3045,1691,17,1,149
3046,1691,7,2,279
3047,1692,11,1,219
3048,1692,3,2,329
3049,1693,3,1,329
3050,1693,1,3,399
3051,1694,10,1,449
3052,1695,6,1,299
3053,1696,1,1,399
3054,1696,11,1,219
3055,1697,17,2,149
3056,1697,8,2,199
3057,1698,2,1,419
3058,1699,2,3,419
3059,1699,3,1,329
3060,1699,15,1,799
3061,1699,4,1,599
3062,1700,7,1,279
3063,1700,17,1,149
3064,1700,5,3,249
3065,1701,13,2,849
3066,1702,4,2,599
3067,1702,10,1,449
3068,1703,10,1,449
3069,1704,11,3,219
3070,1705,10,1,449
3071,1705,16,1,649
3072,1705,7,1,279
3073,1706,11,1,219
3074,1706,1,1,399
3075,1707,3,1,329
3076,1707,7,3,279
3077,1708,9,1,229
3078,1708,5,1,249
3079,1709,19,1,229
3080,1710,19,1,229
3081,1710,6,1,299
3082,1711,5,2,249
3083,1712,2,2,419
3084,1712,1,1,399
3085,1712,19,1,229
3086,1712,6,1,299
3087,1713,9,1,229
3088,1714,9,1,229
3089,1714,13,1,849
3090,1714,17,3,149
3091,1715,6,1,299
3092,1716,10,2,449
3093,1717,9,2,229
3094,1718,7,1,279
3095,1719,17,2,149
3096,1720,4,2,599
3097,1721,7,2,279
3098,1722,14,1,1599
3099,1723,3,3,329
3100,1724,5,2,249
3101,1724,4,1,599
3102,1725,7,1,279
3103,1726,5,1,249
3104,1727,6,1,299
3105,1727,19,3,229
3106,1728,19,1,229
3107,1729,5,1,249
3108,1730,12,1,999
3109,1731,1,2,399
3110,1732,14,1,1599
3111,1732,6,1,299
3112,1733,16,1,649
3113,1733,9,2,229
3114,1733,19,1,229
3115,1734,9,1,229
3116,1734,2,1,419
3117,1735,10,1,449
3118,1735,18,1,249
3119,1736,8,1,199
3120,1736,1,2,399
3121,1736,7,1,279
3122,1737,4,1,599
3123,1737,15,2,799
3124,1738,5,2,249
3125,1738,8,2,199
3126,1739,15,1,799
3127,1740,10,1,449
3128,1741,9,1,229
3129,1741,4,3,599
3130,1742,18,1,249
3131,1742,5,1,249
3132,1743,12,1,999
3133,1743,7,1,279
3134,1744,8,3,199
3135,1745,13,1,849
3136,1745,18,2,249
3137,1746,7,1,279
3138,1746,1,1,399
3139,1746,9,1,229
3140,1747,8,1,199
3141,1747,2,2,419
3142,1748,2,1,419
3143,1749,16,2,649
3144,1750,17,3,149
3145,1751,8,2,199
3146,1752,6,2,299
3147,1753,9,2,229
3148,1753,20,1,1299
3149,1753,11,1,219
3150,1753,2,2,419
3151,1754,8,1,199
3152,1755,2,1,419
3153,1756,11,1,219
3154,1757,10,1,449
3155,1757,19,3,229
3156,1758,6,1,299
3157,1759,4,3,599
3158,1760,1,1,399
3159,1761,3,1,329
3160,1762,10,1,449
3161,1762,19,1,229
3162,1762,17,1,149
3163,1763,11,1,219
3164,1764,2,2,419
3165,1765,4,1,599
3166,1765,1,1,399
3167,1766,10,3,449
3168,1766,18,1,249
3169,1767,4,1,599
3170,1767,19,1,229
3171,1768,17,1,149
3172,1768,19,2,229
3173,1769,14,1,1599
3174,1769,5,1,249
3175,1769,8,1,199
3176,1770,8,2,199
3177,1771,12,1,999
3178,1772,1,1,399
3179,1773,11,1,219
3180,1774,1,1,399
3181,1774,11,1,219
3182,1774,16,1,649
3183,1775,1,1,399
3184,1775,10,1,449
3185,1776,9,1,229
3186,1776,6,1,299
3187,1777,3,1,329
3188,1778,9,1,229
3189,1779,7,1,279
3190,1780,1,1,399
3191,1780,15,1,799
3192,1781,5,1,249
3193,1782,7,1,279
3194,1783,4,2,599
3195,1784,2,2,419
3196,1785,20,1,1299
3197,1785,3,2,329
3198,1785,19,1,229
3199,1786,4,1,599
3200,1787,4,1,599
3201,1788,5,2,249
3202,1788,15,1,799
3203,1789,5,1,249
3204,1789,2,1,419
3205,1790,4,1,599
3206,1790,11,1,219
3207,1791,19,1,229
3208,1792,9,1,229
3209,1792,8,1,199
3210,1793,8,1,199
3211,1793,7,1,279
3212,1793,13,1,849
3213,1794,2,1,419
3214,1794,1,1,399
3215,1794,13,2,849
3216,1795,19,1,229
3217,1795,4,1,599
3218,1795,7,3,279
3219,1796,3,2,329
3220,1797,13,2,849
3221,1797,6,1,299
3222,1798,15,2,799
3223,1799,14,1,1599
3224,1799,2,1,419
3225,1800,13,1,849
3226,1801,9,2,229
3227,1801,12,2,999
3228,1802,17,2,149
3229,1803,15,3,799
3230,1803,8,1,199
3231,1803,4,1,599
3232,1803,2,2,419
3233,1804,9,1,229
3234,1804,4,1,599
3235,1805,2,1,419
3236,1805,14,1,1599
3237,1806,9,2,229
3238,1807,17,2,149
3239,1808,7,3,279
3240,1809,8,1,199
3241,1809,4,1,599
3242,1810,3,3,329
3243,1811,14,3,1599
3244,1812,3,1,329
3245,1813,1,1,399
3246,1814,4,1,599
3247,1815,2,2,419
3248,1815,18,1,249
3249,1815,6,1,299
3250,1815,11,1,219
3251,1816,12,3,999
3252,1816,4,1,599
3253,1816,1,2,399
3254,1817,6,3,299
3255,1817,2,1,419
3256,1818,13,1,849
3257,1819,9,1,229
3258,1819,5,1,249
3259,1819,11,2,219
3260,1820,6,1,299
3261,1820,11,1,219
3262,1821,17,1,149
3263,1821,9,1,229
3264,1821,16,2,649
3265,1822,6,1,299
3266,1822,19,1,229
3267,1823,5,1,249
3268,1824,3,1,329
3269,1825,14,1,1599
3270,1826,2,2,419
3271,1826,8,1,199
3272,1826,9,1,229
3273,1827,9,1,229
3274,1828,9,3,229
3275,1828,6,2,299
3276,1828,1,2,399
3277,1829,11,1,219
3278,1830,19,1,229
3279,1830,16,1,649
3280,1831,3,1,329
3281,1831,11,1,219
3282,1831,7,2,279
3283,1831,10,2,449
3284,1832,18,2,249
3285,1833,11,1,219
3286,1833,14,1,1599
3287,1834,19,3,229
3288,1834,12,1,999
3289,1835,1,1,399
3290,1836,8,2,199
3291,1837,12,1,999
3292,1837,19,1,229
3293,1837,1,1,399
3294,1838,10,2,449
3295,1839,4,1,599
3296,1840,1,2,399
3297,1841,11,1,219
3298,1842,19,1,229
3299,1843,7,1,279
3300,1844,11,1,219
3301,1845,2,1,419
3302,1846,6,3,299
3303,1847,10,2,449
3304,1847,9,1,229
3305,1848,10,2,449
3306,1848,15,1,799
3307,1849,14,2,1599
3308,1849,20,1,1299
3309,1850,4,1,599
3310,1850,2,1,419
3311,1850,16,2,649
3312,1851,15,2,799
3313,1851,17,1,149
3314,1852,9,1,229
3315,1853,9,1,229
3316,1854,15,1,799
3317,1854,4,1,599
3318,1854,3,2,329
3319,1855,7,1,279
3320,1855,1,1,399
3321,1856,8,3,199
3322,1856,13,1,849
3323,1856,12,1,999
3324,1857,5,1,249
3325,1857,16,2,649
3326,1858,19,2,229
3327,1858,3,1,329
3328,1859,17,1,149
3329,1860,12,3,999
3330,1861,7,1,279
3331,1861,8,1,199
3332,1861,18,1,249
3333,1862,1,1,399
3334,1863,16,2,649
3335,1863,7,1,279
3336,1864,1,1,399
3337,1865,12,1,999
3338,1865,3,2,329
3339,1866,6,2,299
3340,1867,8,1,199
3341,1867,2,1,419
3342,1868,3,2,329
3343,1869,9,1,229
3344,1869,6,3,299
3345,1870,18,2,249
3346,1871,8,1,199
3347,1872,18,2,249
3348,1872,2,3,419
3349,1872,7,2,279
3350,1873,16,1,649
3351,1874,5,1,249
3352,1875,13,1,849
3353,1875,1,2,399
3354,1876,11,3,219
3355,1877,4,1,599
3356,1877,5,2,249
3357,1877,15,1,799
3358,1878,3,1,329
3359,1878,6,1,299
3360,1879,8,1,199
3361,1879,5,1,249
3362,1880,1,2,399
3363,1881,19,2,229
3364,1881,4,1,599
3365,1882,4,1,599
3366,1882,19,1,229
3367,1882,1,1,399
3368,1882,6,1,299
3369,1883,5,1,249
3370,1884,11,1,219
3371,1884,3,2,329
3372,1885,2,2,419
3373,1885,1,1,399
3374,1886,4,1,599
3375,1887,10,1,449
3376,1887,1,1,399
3377,1887,19,1,229
3378,1888,6,1,299
3379,1888,17,1,149
3380,1888,9,2,229
3381,1889,12,1,999
3382,1890,5,1,249
3383,1891,1,1,399
3384,1892,13,1,849
3385,1893,6,1,299
3386,1894,4,2,599
3387,1895,10,1,449
3388,1896,4,2,599
3389,1896,5,3,249
3390,1897,8,1,199
3391,1897,10,2,449
3392,1898,7,1,279
3393,1898,17,3,149
3394,1898,3,1,329
3395,1898,9,1,229
3396,1899,13,1,849
3397,1899,16,1,649
3398,1899,19,1,229
3399,1900,4,1,599
3400,1900,11,2,219
3401,1901,3,1,329
3402,1902,13,3,849
3403,1903,1,2,399
3404,1904,10,2,449
3405,1905,4,2,599
3406,1906,8,1,199
3407,1907,4,1,599
3408,1908,19,1,229
3409,1909,6,1,299
3410,1910,4,1,599
3411,1911,2,2,419
3412,1912,7,1,279
3413,1913,2,1,419
3414,1914,6,1,299
3415,1914,19,2,229
3416,1915,19,2,229
3417,1916,1,1,399
3418,1916,16,1,649
3419,1917,4,2,599
3420,1918,6,1,299
3421,1918,9,3,229
3422,1919,14,1,1599
3423,1920,4,1,599
3424,1920,19,1,229
3425,1921,4,1,599
3426,1921,12,1,999
3427,1922,2,1,419
3428,1922,1,1,399
3429,1923,5,1,249
3430,1923,6,1,299
3431,1924,6,1,299
3432,1924,9,2,229
3433,1925,13,1,849
3434,1925,18,1,249
3435,1925,8,1,199
3436,1926,11,2,219
3437,1926,6,1,299
3438,1927,12,1,999
3439,1928,4,2,599
3440,1929,8,1,199
3441,1929,5,1,249
3442,1929,1,1,399
3443,1930,15,1,799
3444,1930,7,1,279
3445,1931,16,2,649
3446,1931,20,1,1299
3447,1932,9,1,229
3448,1932,2,1,419
3449,1933,6,2,299
3450,1933,1,1,399
3451,1934,7,3,279
3452,1934,9,1,229
3453,1934,16,2,649
3454,1935,3,2,329
3455,1936,9,2,229
3456,1936,5,1,249
3457,1936,6,1,299
3458,1936,1,2,399
3459,1937,4,1,599
3460,1937,11,1,219
3461,1938,20,1,1299
3462,1939,10,1,449
3463,1940,15,1,799
3464,1940,14,1,1599
3465,1940,16,1,649
3466,1941,19,1,229
3467,1941,4,1,599
3468,1942,17,2,149
3469,1943,14,1,1599
3470,1943,1,1,399
3471,1943,3,1,329
3472,1944,19,1,229
3473,1944,3,1,329
3474,1945,5,3,249
3475,1945,11,1,219
3476,1945,3,1,329
3477,1946,2,1,419
3478,1946,1,3,399
3479,1947,6,1,299
3480,1947,9,1,229
3481,1947,16,1,649
3482,1948,4,2,599
3483,1949,17,2,149
3484,1949,2,1,419
3485,1950,4,1,599
3486,1950,9,3,229
3487,1950,3,1,329
3488,1951,15,2,799
3489,1952,4,1,599
3490,1952,16,2,649
3491,1952,5,1,249
3492,1953,7,1,279
3493,1953,19,1,229
3494,1954,3,1,329
3495,1954,12,1,999
3496,1955,3,1,329
3497,1956,6,1,299
3498,1957,19,1,229
3499,1957,8,1,199
3500,1958,19,1,229
3501,1958,7,1,279
3502,1958,6,1,299
3503,1958,10,2,449
3504,1959,9,1,229
3505,1959,13,2,849
3506,1959,17,1,149
3507,1959,8,2,199
3508,1960,4,1,599
3509,1961,3,1,329
3510,1962,1,1,399
3511,1963,15,2,799
3512,1964,2,1,419
3513,1965,10,1,449
3514,1966,2,2,419
3515,1966,5,3,249
3516,1966,11,1,219
3517,1966,3,1,329
3518,1967,2,3,419
3519,1967,9,1,229
3520,1967,18,3,249
3521,1968,9,2,229
3522,1969,7,3,279
3523,1970,14,2,1599
3524,1970,1,1,399
3525,1971,3,1,329
3526,1972,19,1,229
3527,1972,7,2,279
3528,1973,10,1,449
3529,1973,3,1,329
3530,1973,4,1,599
3531,1974,5,1,249
3532,1974,14,1,1599
3533,1974,1,2,399
3534,1975,17,1,149
3535,1975,7,1,279
3536,1975,14,1,1599
3537,1976,11,3,219
3538,1977,4,1,599
3539,1978,12,2,999
3540,1978,5,2,249
3541,1979,2,1,419
3542,1979,11,2,219
3543,1980,2,1,419
3544,1980,1,2,399
3545,1980,10,2,449
3546,1981,6,1,299
3547,1981,19,2,229
3548,1982,10,1,449
3549,1982,1,1,399
3550,1982,9,1,229
3551,1982,5,1,249
3552,1983,17,2,149
3553,1983,6,1,299
3554,1984,8,1,199
3555,1984,1,2,399
3556,1984,7,1,279
3557,1985,12,1,999
3558,1985,10,1,449
3559,1985,11,2,219
3560,1986,6,1,299
3561,1987,2,1,419
3562,1987,1,3,399
3563,1988,8,1,199
3564,1989,17,2,149
3565,1989,18,2,249
3566,1990,5,1,249
3567,1991,12,1,999
3568,1992,5,1,249
3569,1992,8,1,199
3570,1993,1,1,399
3571,1993,6,1,299
3572,1993,16,1,649
3573,1993,2,1,419
3574,1994,1,1,399
3575,1995,2,1,419
3576,1996,9,2,229
3577,1996,19,1,229
3578,1996,10,1,449
3579,1997,5,1,249
3580,1997,15,3,799
3581,1998,11,3,219
3582,1998,4,1,599
3583,1999,6,1,299
3584,2000,11,1,219
3585,2000,8,1,199
3586,2001,7,1,279
3587,2002,7,3,279
3588,2003,2,3,419
3589,2004,7,1,279
3590,2005,10,1,449
3591,2006,2,2,419
3592,2007,13,3,849
3593,2007,10,1,449
3594,2008,5,2,249
3595,2009,9,1,229
3596,2009,19,1,229
3597,2010,4,2,599
3598,2011,3,2,329
3599,2012,6,1,299
3600,2012,3,1,329
3601,2012,2,1,419
3602,2013,3,1,329
3603,2013,7,1,279
3604,2014,11,1,219
3605,2015,15,1,799
3606,2016,3,1,329
3607,2016,15,1,799
3608,2017,7,1,279
3609,2017,11,1,219
3610,2017,3,3,329
3611,2018,11,1,219
3612,2019,7,1,279
3613,2020,18,2,249
3614,2021,15,1,799
3615,2022,16,1,649
3616,2023,14,1,1599
3617,2024,7,1,279
3618,2024,16,1,649
3619,2024,6,2,299
3620,2025,19,2,229
3621,2025,5,1,249
3622,2026,14,1,1599
3623,2026,13,2,849
3624,2027,7,1,279
3625,2027,10,1,449
3626,2028,7,2,279
3627,2029,2,1,419
3628,2029,12,1,999
3629,2029,18,1,249
3630,2030,11,1,219
3631,2031,15,3,799
3632,2031,12,1,999
3633,2031,8,1,199
3634,2032,8,1,199
3635,2033,1,1,399
3636,2033,19,1,229
3637,2034,4,1,599
3638,2034,6,1,299
3639,2035,4,2,599
3640,2036,18,1,249
3641,2036,6,1,299
3642,2037,2,1,419
3643,2038,18,3,249
3644,2038,5,2,249
3645,2039,5,1,249
3646,2039,6,1,299
3647,2040,6,1,299
3648,2041,8,1,199
3649,2042,9,1,229
3650,2043,7,3,279
3651,2044,10,1,449
3652,2045,5,1,249
3653,2045,4,1,599
3654,2045,9,1,229
3655,2046,9,1,229
3656,2046,16,1,649
3657,2046,3,1,329
3658,2047,7,1,279
3659,2047,14,2,1599
3660,2047,8,3,199
3661,2048,1,1,399
3662,2049,10,1,449
3663,2050,3,1,329
3664,2050,10,2,449
3665,2050,7,2,279
3666,2051,7,1,279
3667,2051,19,1,229
3668,2052,12,1,999
3669,2052,8,2,199
3670,2053,15,1,799
3671,2053,9,1,229
3672,2054,5,1,249
3673,2054,16,1,649
3674,2055,3,1,329
3675,2056,7,1,279
3676,2056,5,1,249
3677,2056,6,1,299
3678,2057,18,1,249
3679,2057,7,1,279
3680,2057,11,1,219
3681,2057,10,3,449
3682,2058,1,2,399
3683,2058,14,1,1599
3684,2059,9,2,229
3685,2059,20,1,1299
3686,2060,17,1,149
3687,2060,10,1,449
3688,2060,7,1,279
3689,2060,8,1,199
3690,2061,10,2,449
3691,2061,6,1,299
3692,2062,17,3,149
3693,2062,11,1,219
3694,2063,11,1,219
3695,2063,17,2,149
3696,2064,8,1,199
3697,2064,11,2,219
3698,2065,12,2,999
3699,2066,3,1,329
3700,2066,6,1,299
3701,2067,1,2,399
3702,2068,4,3,599
3703,2068,5,1,249
3704,2069,11,2,219
3705,2069,2,1,419
3706,2069,10,1,449
3707,2070,10,1,449
3708,2070,13,1,849
3709,2071,2,1,419
3710,2072,19,2,229
3711,2072,17,1,149
3712,2072,9,1,229
3713,2072,5,2,249
3714,2073,10,1,449
3715,2073,17,1,149
3716,2074,19,1,229
3717,2075,1,1,399
3718,2075,2,1,419
3719,2075,4,1,599
3720,2076,3,2,329
3721,2076,11,1,219
3722,2077,3,2,329
3723,2077,5,1,249
3724,2078,17,2,149
3725,2079,6,3,299
3726,2080,12,1,999
3727,2081,13,3,849
3728,2081,10,1,449
3729,2082,2,1,419
3730,2083,8,1,199
3731,2084,10,2,449
3732,2084,2,1,419
3733,2084,11,3,219
3734,2084,19,2,229
3735,2085,1,2,399
3736,2085,9,2,229
3737,2085,3,1,329
3738,2086,19,1,229
3739,2087,2,2,419
3740,2087,11,3,219
3741,2087,4,1,599
3742,2088,17,1,149
3743,2088,10,1,449
3744,2089,6,1,299
3745,2090,17,2,149
3746,2090,7,1,279
3747,2091,4,1,599
3748,2092,13,1,849
3749,2093,15,2,799
3750,2093,5,3,249
3751,2093,13,1,849
3752,2094,5,1,249
3753,2095,5,2,249
3754,2095,19,1,229
3755,2096,9,1,229
3756,2096,6,1,299
3757,2097,17,1,149
3758,2098,8,1,199
3759,2099,19,1,229
3760,2099,4,1,599
3761,2100,8,1,199
3762,2100,9,1,229
3763,2100,10,1,449
3764,2101,10,1,449
3765,2102,12,1,999
3766,2102,4,2,599
3767,2102,3,1,329
3768,2102,1,1,399
3769,2103,18,1,249
3770,2103,5,2,249
3771,2103,3,2,329
3772,2103,2,2,419
3773,2104,10,1,449
3774,2105,3,1,329
3775,2106,3,1,329
3776,2107,2,2,419
3777,2108,6,1,299
3778,2108,19,1,229
3779,2109,5,1,249
3780,2110,9,1,229
3781,2111,7,1,279
3782,2112,10,1,449
3783,2112,7,1,279
3784,2113,6,2,299
3785,2113,9,1,229
3786,2113,8,2,199
3787,2113,19,1,229
3788,2114,4,2,599
3789,2115,7,3,279
3790,2116,9,1,229
3791,2117,4,1,599
3792,2118,10,2,449
3793,2119,19,1,229
3794,2120,3,1,329
3795,2120,10,1,449
3796,2121,17,1,149
3797,2122,2,1,419
3798,2122,8,1,199
3799,2123,2,1,419
3800,2124,6,1,299
3801,2124,4,1,599
3802,2124,2,1,419
3803,2125,5,1,249
3804,2126,6,2,299
3805,2127,10,1,449
3806,2127,4,2,599
3807,2128,2,1,419
3808,2128,20,1,1299
3809,2129,2,1,419
3810,2129,14,1,1599
3811,2129,6,2,299
3812,2129,9,1,229
3813,2130,4,2,599
3814,2130,7,1,279
3815,2130,15,3,799
3816,2130,5,2,249
3817,2131,19,2,229
3818,2131,8,1,199
3819,2132,9,2,229
3820,2132,11,1,219
3821,2132,1,2,399
3822,2133,7,1,279
3823,2134,5,1,249
3824,2135,3,1,329
3825,2136,8,3,199
3826,2136,10,1,449
3827,2137,2,1,419
3828,2137,3,1,329
3829,2138,17,1,149
3830,2138,18,1,249
3831,2139,5,1,249
3832,2139,8,1,199
3833,2139,14,1,1599
3834,2140,10,1,449
3835,2141,6,2,299
3836,2141,20,1,1299
3837,2142,18,1,249
3838,2143,9,2,229
3839,2144,2,1,419
3840,2145,8,2,199
3841,2146,1,1,399
3842,2147,18,1,249
3843,2147,6,1,299
3844,2147,17,2,149
3845,2147,3,1,329
3846,2148,1,1,399
3847,2149,5,2,249
3848,2149,1,2,399
3849,2150,8,2,199
3850,2150,2,1,419
3851,2150,19,3,229
3852,2151,2,1,419
3853,2151,3,1,329
3854,2152,3,1,329
3855,2153,8,1,199
3856,2153,10,1,449
3857,2153,1,1,399
3858,2154,17,1,149
3859,2155,7,1,279
3860,2155,14,1,1599
3861,2155,2,2,419
3862,2156,19,1,229
3863,2156,7,1,279
3864,2157,5,2,249
3865,2158,8,2,199
3866,2158,18,1,249
3867,2158,7,1,279
3868,2159,8,1,199
3869,2160,10,3,449
3870,2160,11,1,219
3871,2160,9,2,229
3872,2161,18,2,249
3873,2162,18,2,249
3874,2162,10,1,449
3875,2162,14,1,1599
3876,2162,5,1,249
3877,2163,6,1,299
3878,2163,10,1,449
3879,2164,7,1,279
3880,2165,4,1,599
3881,2166,8,1,199
3882,2166,12,1,999
3883,2167,5,2,249
3884,2167,1,1,399
3885,2167,3,2,329
3886,2168,12,1,999
3887,2169,5,1,249
3888,2169,19,3,229
3889,2170,6,1,299
3890,2171,3,1,329
3891,2172,5,2,249
3892,2173,7,1,279
3893,2173,5,1,249
3894,2174,3,1,329
3895,2174,11,1,219
3896,2174,18,1,249
3897,2174,4,2,599
3898,2175,2,1,419
3899,2175,3,1,329
3900,2175,8,3,199
3901,2175,6,1,299
3902,2176,4,1,599
3903,2176,8,1,199
3904,2177,7,1,279
3905,2177,3,1,329
3906,2178,1,1,399
3907,2178,20,2,1299
3908,2179,11,1,219
3909,2179,18,1,249
3910,2179,2,1,419
3911,2179,5,2,249
3912,2180,3,1,329
3913,2180,18,2,249
3914,2180,11,3,219
3915,2181,11,2,219
3916,2181,1,1,399
3917,2182,6,1,299
3918,2182,12,1,999
3919,2183,7,1,279
3920,2183,16,1,649
3921,2184,9,1,229
3922,2184,3,2,329
3923,2185,2,2,419
3924,2185,10,1,449
3925,2186,9,1,229
3926,2186,18,1,249
3927,2186,4,1,599
3928,2187,6,1,299
3929,2187,19,2,229
3930,2187,9,1,229
3931,2188,17,1,149
3932,2188,4,1,599
3933,2189,6,1,299
3934,2189,7,2,279
3935,2190,5,1,249
3936,2190,19,2,229
3937,2190,8,2,199
3938,2190,11,1,219
3939,2191,7,1,279
3940,2192,5,3,249
3941,2192,9,3,229
3942,2193,1,1,399
3943,2193,2,1,419
3944,2193,7,1,279
3945,2194,4,1,599
3946,2195,18,1,249
3947,2195,14,1,1599
3948,2196,11,1,219
3949,2196,6,1,299
3950,2197,11,1,219
3951,2198,16,3,649
3952,2198,19,2,229
3953,2199,12,1,999
3954,2200,14,2,1599
3955,2200,7,1,279
3956,2200,1,1,399
3957,2201,5,2,249
3958,2201,2,2,419
3959,2202,6,3,299
3960,2202,8,3,199
3961,2203,1,1,399
3962,2204,9,1,229
3963,2205,10,2,449
3964,2206,17,1,149
3965,2206,18,1,249
3966,2206,2,1,419
3967,2207,10,2,449
3968,2207,1,1,399
3969,2208,8,1,199
3970,2209,4,1,599
3971,2209,5,1,249
3972,2210,8,2,199
3973,2211,15,1,799
3974,2211,6,1,299
3975,2211,11,1,219
3976,2212,7,2,279
3977,2212,19,1,229
3978,2212,9,1,229
3979,2212,16,1,649
3980,2213,17,2,149
3981,2214,9,1,229
3982,2215,20,1,1299
3983,2215,10,2,449
3984,2215,3,1,329
3985,2215,6,1,299
3986,2216,9,1,229
3987,2216,7,1,279
3988,2217,8,1,199
3989,2218,4,1,599
3990,2218,6,2,299
3991,2219,19,1,229
3992,2220,7,2,279
3993,2220,16,1,649
3994,2221,2,2,419
3995,2221,8,1,199
3996,2221,13,1,849
3997,2222,2,2,419
3998,2223,1,2,399
3999,2223,8,2,199
4000,2224,18,3,249
4001,2224,11,1,219
4002,2224,7,1,279
4003,2225,10,2,449
4004,2226,12,1,999
4005,2227,7,1,279
4006,2228,12,1,999
4007,2228,6,1,299
4008,2228,11,1,219
4009,2228,14,1,1599
4010,2229,1,1,399
4011,2229,16,1,649
4012,2230,18,1,249
4013,2230,17,2,149
4014,2230,3,1,329
4015,2231,5,1,249
4016,2232,7,1,279
4017,2232,17,1,149
4018,2233,11,2,219
4019,2233,7,1,279
4020,2233,14,1,1599
4021,2233,6,1,299
4022,2234,15,1,799
4023,2235,6,1,299
4024,2235,2,1,419
4025,2236,3,1,329
4026,2236,11,2,219
4027,2236,20,1,1299
4028,2236,7,1,279
4029,2237,18,1,249
4030,2238,8,2,199
4031,2238,15,1,799
4032,2239,19,1,229
4033,2240,4,3,599
4034,2240,12,1,999
4035,2241,1,2,399
4036,2241,2,3,419
4037,2241,11,1,219
4038,2242,11,1,219
4039,2242,7,1,279
4040,2243,19,1,229
4041,2243,13,1,849
4042,2244,3,1,329
4043,2245,13,1,849
4044,2245,1,2,399
4045,2245,6,1,299
4046,2245,8,2,199
4047,2246,19,1,229
4048,2246,4,1,599
4049,2247,10,1,449
4050,2247,6,1,299
4051,2247,3,1,329
4052,2248,10,1,449
4053,2249,17,1,149
4054,2249,10,1,449
4055,2250,10,1,449
4056,2251,16,2,649
4057,2252,19,1,229
4058,2252,14,1,1599
4059,2253,6,1,299
4060,2253,15,1,799
4061,2253,7,1,279
4062,2253,16,1,649
4063,2254,3,1,329
4064,2254,12,1,999
4065,2255,4,1,599
4066,2256,1,1,399
4067,2257,6,1,299
4068,2257,20,1,1299
4069,2257,17,1,149
4070,2258,14,1,1599
4071,2259,12,1,999
4072,2260,1,2,399
4073,2261,19,3,229
4074,2262,9,1,229
4075,2262,4,1,599
4076,2263,9,2,229
4077,2263,6,2,299
4078,2264,17,1,149
4079,2264,18,1,249
4080,2265,16,1,649
4081,2265,4,1,599
4082,2265,11,1,219
4083,2265,6,1,299
4084,2266,15,1,799
4085,2267,10,1,449
4086,2268,6,2,299
4087,2268,10,1,449
4088,2269,13,2,849
4089,2269,9,1,229
4090,2269,7,2,279
4091,2270,6,1,299
4092,2270,11,1,219
4093,2270,18,1,249
4094,2271,11,1,219
4095,2272,17,1,149
4096,2273,13,1,849
4097,2273,16,1,649
4098,2273,2,2,419
4099,2274,3,1,329
4100,2274,17,2,149
4101,2274,7,1,279
4102,2275,12,1,999
4103,2276,10,2,449
4104,2277,6,1,299
4105,2277,13,1,849
4106,2277,7,1,279
4107,2277,14,1,1599
4108,2278,2,2,419
4109,2279,17,1,149
4110,2279,7,2,279
4111,2280,11,1,219
4112,2280,1,1,399
4113,2280,9,1,229
4114,2281,2,2,419
4115,2282,3,2,329
4116,2282,18,2,249
4117,2283,5,1,249
4118,2283,14,2,1599
4119,2283,8,1,199
4120,2284,6,2,299
4121,2285,4,1,599
4122,2285,2,1,419
4123,2285,6,1,299
4124,2286,5,1,249
4125,2287,2,1,419
4126,2287,11,1,219
4127,2287,19,1,229
4128,2288,19,3,229
4129,2288,10,1,449
4130,2289,7,1,279
4131,2290,2,1,419
4132,2291,14,1,1599
4133,2291,1,1,399
4134,2292,13,2,849
4135,2292,2,2,419
4136,2292,1,1,399
4137,2293,15,1,799
4138,2294,17,1,149
4139,2294,5,1,249
4140,2295,14,1,1599
4141,2295,11,1,219
4142,2295,6,1,299
4143,2296,2,1,419
4144,2297,1,1,399
4145,2298,4,1,599
4146,2299,2,2,419
4147,2300,2,3,419
4148,2300,8,1,199
4149,2301,7,1,279
4150,2301,1,1,399
4151,2302,7,1,279
4152,2302,4,1,599
4153,2302,15,2,799
4154,2303,6,2,299
4155,2304,6,1,299
4156,2305,7,1,279
4157,2306,4,1,599
4158,2306,2,2,419
4159,2306,14,1,1599
4160,2307,3,2,329
4161,2307,8,2,199
4162,2308,5,1,249
4163,2308,2,1,419
4164,2308,6,1,299
4165,2309,15,1,799
4166,2310,4,1,599
4167,2311,4,1,599
4168,2312,6,1,299
4169,2313,4,2,599
4170,2313,11,1,219
4171,2313,6,3,299
4172,2313,13,1,849
4173,2314,4,1,599
4174,2315,7,1,279
4175,2316,11,2,219
4176,2317,11,2,219
4177,2317,8,1,199
4178,2318,8,1,199
4179,2319,9,1,229
4180,2319,2,3,419
4181,2320,12,1,999
4182,2320,4,3,599
4183,2320,3,1,329
4184,2320,10,3,449
4185,2321,7,1,279
4186,2322,4,2,599
4187,2322,12,1,999
4188,2322,17,1,149
4189,2323,1,1,399
4190,2323,20,1,1299
4191,2324,18,2,249
4192,2325,16,1,649
4193,2326,6,2,299
4194,2326,8,1,199
4195,2327,17,3,149
4196,2328,2,2,419
4197,2328,10,2,449
4198,2329,16,2,649
4199,2329,17,2,149
4200,2329,18,1,249
4201,2330,9,1,229
4202,2331,5,1,249
4203,2332,11,1,219
4204,2333,9,1,229
4205,2333,10,2,449
4206,2333,1,3,399
4207,2334,3,1,329
4208,2334,14,1,1599
4209,2334,6,1,299
4210,2335,8,1,199
4211,2336,3,2,329
4212,2337,15,1,799
4213,2338,9,1,229
4214,2339,3,3,329
4215,2339,1,1,399
4216,2339,4,2,599
4217,2340,2,1,419
4218,2340,8,1,199
4219,2340,19,1,229
4220,2341,10,1,449
4221,2342,16,3,649
4222,2343,11,2,219
4223,2343,2,1,419
4224,2343,5,1,249
4225,2344,4,1,599
4226,2344,6,1,299
4227,2344,18,1,249
4228,2344,3,1,329
4229,2345,13,1,849
4230,2345,1,1,399
4231,2346,1,1,399
4232,2347,8,1,199
4233,2348,7,1,279
4234,2348,13,1,849
4235,2349,10,1,449
4236,2350,17,1,149
4237,2351,17,3,149
4238,2351,16,2,649
4239,2352,4,1,599
4240,2353,1,2,399
4241,2353,15,1,799
4242,2354,12,1,999
4243,2355,11,1,219
4244,2356,4,1,599
4245,2357,19,3,229
4246,2357,7,1,279
4247,2357,8,1,199
4248,2358,19,1,229
4249,2358,6,1,299
4250,2359,19,1,229
4251,2360,5,2,249
4252,2360,1,1,399
4253,2360,7,2,279
4254,2360,9,3,229
4255,2361,3,1,329
4256,2362,2,3,419
4257,2362,16,1,649
4258,2362,19,1,229
4259,2363,14,1,1599
4260,2364,17,1,149
4261,2364,3,1,329
4262,2364,4,2,599
4263,2365,10,1,449
4264,2365,15,1,799
4265,2366,18,1,249
4266,2366,6,1,299
4267,2366,7,2,279
4268,2367,5,1,249
4269,2368,4,1,599
4270,2368,2,3,419
4271,2369,18,1,249
4272,2369,4,1,599
4273,2369,7,1,279
4274,2370,4,1,599
4275,2371,10,2,449
4276,2371,4,1,599
4277,2371,14,1,1599
4278,2372,3,1,329
4279,2373,8,1,199
4280,2373,9,1,229
4281,2373,4,1,599
4282,2374,5,1,249
4283,2375,12,1,999
4284,2376,4,1,599
4285,2377,6,1,299
4286,2378,18,1,249
4287,2378,1,3,399
4288,2379,4,1,599
4289,2380,9,2,229
4290,2380,16,3,649
4291,2381,14,1,1599
4292,2381,7,1,279
4293,2381,5,1,249
4294,2381,18,1,249
4295,2382,7,1,279
4296,2382,17,2,149
4297,2383,6,3,299
4298,2384,4,1,599
4299,2385,5,1,249
4300,2386,9,1,229
4301,2386,5,1,249
4302,2386,17,1,149
4303,2387,7,2,279
4304,2388,13,1,849
4305,2388,18,1,249
4306,2388,8,1,199
4307,2388,16,3,649
4308,2389,17,1,149
4309,2390,3,1,329
4310,2390,8,1,199
4311,2391,8,1,199
4312,2391,10,1,449
4313,2392,9,1,229
4314,2393,5,2,249
4315,2393,16,3,649
4316,2393,2,1,419
4317,2393,13,1,849
4318,2394,9,1,229
4319,2394,12,1,999
4320,2394,1,1,399
4321,2395,19,1,229
4322,2395,18,1,249
4323,2396,1,1,399
4324,2396,18,1,249
4325,2396,8,1,199
4326,2397,6,1,299
4327,2397,1,1,399
4328,2397,4,1,599
4329,2398,1,3,399
4330,2399,13,2,849
4331,2399,4,2,599
4332,2400,10,1,449
4333,2401,2,1,419
4334,2402,6,1,299
4335,2402,1,2,399
4336,2402,17,2,149
4337,2402,12,1,999
4338,2403,16,3,649
4339,2404,11,1,219
4340,2405,8,2,199
4341,2405,12,2,999
4342,2406,19,1,229
4343,2406,2,1,419
4344,2406,10,1,449
4345,2406,3,1,329
4346,2407,15,1,799
4347,2408,1,1,399
4348,2408,8,3,199
4349,2409,15,1,799
4350,2410,6,1,299
4351,2411,1,1,399
4352,2411,4,1,599
4353,2411,8,2,199
4354,2412,10,1,449
4355,2413,17,1,149
4356,2414,11,1,219
4357,2415,2,2,419
4358,2416,13,2,849
4359,2417,13,2,849
4360,2418,12,1,999
4361,2419,7,1,279
4362,2420,16,1,649
4363,2420,4,1,599
4364,2421,15,1,799
4365,2421,14,2,1599
4366,2422,19,1,229
4367,2422,3,2,329
4368,2422,8,1,199
4369,2423,4,1,599
4370,2424,8,1,199
4371,2424,1,3,399
4372,2425,5,1,249
4373,2426,18,1,249
4374,2426,12,1,999
4375,2427,5,3,249
4376,2427,1,1,399
4377,2428,2,2,419
4378,2429,6,2,299
4379,2430,7,1,279
4380,2430,4,2,599
4381,2431,2,2,419
4382,2432,18,1,249
4383,2433,9,1,229
4384,2433,4,1,599
4385,2434,15,1,799
4386,2435,4,2,599
4387,2436,5,2,249
4388,2437,17,3,149
4389,2438,6,1,299
4390,2438,15,1,799
4391,2439,7,1,279
4392,2440,17,1,149
4393,2441,6,1,299
4394,2441,3,2,329
4395,2442,8,1,199
4396,2442,6,1,299
4397,2443,18,1,249
4398,2444,11,1,219
4399,2444,15,1,799
4400,2445,8,1,199
4401,2445,4,2,599
4402,2446,5,2,249
4403,2447,4,2,599
4404,2447,14,1,1599
4405,2448,12,2,999
4406,2448,4,1,599
4407,2448,18,1,249
4408,2448,19,1,229
4409,2449,1,1,399
4410,2450,10,1,449
4411,2450,11,2,219
4412,2451,5,1,249
4413,2451,4,1,599
4414,2451,19,1,229
4415,2452,9,3,229
4416,2452,6,1,299
4417,2452,14,2,1599
4418,2453,11,1,219
4419,2453,3,2,329
4420,2454,4,2,599
4421,2455,4,2,599
4422,2455,20,1,1299
4423,2456,16,1,649
4424,2456,5,1,249
4425,2456,12,1,999
4426,2457,1,1,399
4427,2457,3,2,329
4428,2457,2,1,419
4429,2458,1,1,399
4430,2459,3,1,329
4431,2459,5,1,249
4432,2460,9,2,229
4433,2461,8,1,199
4434,2461,17,2,149
4435,2461,12,1,999
4436,2462,2,1,419
4437,2463,10,2,449
4438,2464,8,2,199
4439,2465,19,1,229
4440,2466,14,1,1599
4441,2466,6,2,299
4442,2467,4,2,599
4443,2467,15,3,799
4444,2468,7,1,279
4445,2468,2,1,419
4446,2469,5,1,249
4447,2469,6,3,299
4448,2470,15,2,799
4449,2470,6,2,299
4450,2470,5,3,249
4451,2471,15,1,799
4452,2472,18,1,249
4453,2472,4,3,599
4454,2472,3,3,329
4455,2473,11,1,219
4456,2473,16,2,649
4457,2474,2,1,419
4458,2475,18,1,249
4459,2475,7,1,279
4460,2475,1,1,399
4461,2476,9,3,229
4462,2477,3,1,329
4463,2477,1,1,399
4464,2478,1,1,399
4465,2478,16,1,649
4466,2479,17,1,149
4467,2480,5,1,249
4468,2481,1,2,399
4469,2481,4,2,599
4470,2482,20,2,1299
4471,2482,10,1,449
4472,2482,2,1,419
4473,2483,7,1,279
4474,2483,5,1,249
4475,2484,14,1,1599
4476,2484,3,2,329
4477,2485,8,1,199
4478,2485,5,1,249
4479,2486,5,1,249
4480,2486,10,1,449
4481,2487,5,1,249
4482,2487,9,2,229
4483,2488,15,1,799
4484,2489,12,1,999
4485,2489,1,1,399
4486,2490,3,1,329
4487,2490,8,2,199
4488,2491,2,1,419
4489,2492,7,1,279
4490,2493,7,1,279
4491,2493,6,1,299
4492,2493,5,3,249
4493,2494,14,1,1599
4494,2494,4,1,599
4495,2494,15,2,799
4496,2495,6,2,299
4497,2495,5,1,249
4498,2495,9,1,229
4499,2496,1,1,399
4500,2497,6,1,299
4501,2497,17,2,149
4502,2497,7,1,279
4503,2498,6,1,299
4504,2499,5,1,249
4505,2499,19,1,229
4506,2500,6,1,299
4507,2500,16,1,649
4508,2501,1,1,399
4509,2501,18,2,249
4510,2501,8,1,199
4511,2502,11,1,219
4512,2503,13,1,849
4513,2503,11,1,219
4514,2504,3,2,329
4515,2505,4,2,599
4516,2505,10,1,449
4517,2505,5,1,249
4518,2506,20,1,1299
4519,2507,7,2,279
4520,2508,12,1,999
4521,2509,9,2,229
4522,2510,14,1,1599
4523,2510,6,3,299
4524,2510,18,1,249
4525,2511,6,2,299
4526,2511,8,2,199
4527,2511,19,1,229
4528,2511,10,1,449
4529,2512,2,2,419
4530,2513,6,1,299
4531,2514,18,1,249
4532,2514,3,2,329
4533,2515,9,1,229
4534,2516,3,1,329
4535,2517,5,1,249
4536,2517,3,1,329
4537,2518,6,1,299
4538,2518,5,1,249
4539,2518,8,1,199
4540,2519,17,1,149
4541,2520,5,2,249
4542,2521,13,3,849
4543,2522,4,1,599
4544,2523,5,3,249
4545,2523,3,1,329
4546,2523,8,1,199
4547,2524,6,2,299
4548,2525,2,1,419
4549,2526,7,1,279
4550,2526,4,1,599
4551,2526,3,1,329
4552,2526,6,1,299
4553,2527,2,1,419
4554,2528,18,1,249
4555,2528,16,1,649
4556,2528,11,1,219
4557,2528,15,1,799
4558,2529,2,1,419
4559,2530,19,2,229
4560,2530,7,1,279
4561,2531,3,1,329
4562,2532,10,2,449
4563,2532,6,1,299
4564,2533,1,1,399
4565,2533,18,1,249
4566,2534,9,1,229
4567,2535,8,1,199
4568,2535,17,1,149
4569,2536,18,1,249
4570,2536,14,1,1599
4571,2537,18,1,249
4572,2537,3,1,329
4573,2537,19,1,229
4574,2537,7,2,279
4575,2538,19,1,229
4576,2539,19,1,229
4577,2540,15,2,799
4578,2541,18,3,249
4579,2541,4,1,599
4580,2542,4,1,599
4581,2542,1,1,399
4582,2543,16,1,649
4583,2544,5,1,249
4584,2544,18,2,249
4585,2545,7,3,279
4586,2546,6,1,299
4587,2546,5,1,249
4588,2547,9,1,229
4589,2547,7,1,279
4590,2548,4,2,599
4591,2549,3,2,329
4592,2549,18,1,249
4593,2549,9,1,229
4594,2550,2,1,419
4595,2551,19,1,229
4596,2552,5,1,249
4597,2552,11,1,219
4598,2553,15,2,799
4599,2554,2,1,419
4600,2554,4,3,599
4601,2554,19,1,229
4602,2555,18,3,249
4603,2555,10,2,449
4604,2555,2,1,419
4605,2555,17,1,149
4606,2556,8,1,199
4607,2557,11,2,219
4608,2557,17,2,149
4609,2558,5,1,249
4610,2558,1,1,399
4611,2558,11,1,219
4612,2558,6,1,299
4613,2559,7,2,279
4614,2559,8,2,199
4615,2560,2,1,419
4616,2561,10,1,449
4617,2562,8,2,199
4618,2563,20,1,1299
4619,2563,11,1,219
4620,2564,1,3,399
4621,2564,12,1,999
4622,2565,7,1,279
4623,2565,6,1,299
4624,2566,1,1,399
4625,2566,7,2,279
4626,2567,5,1,249
4627,2568,7,1,279
4628,2569,6,1,299
4629,2570,13,1,849
4630,2571,6,2,299
4631,2572,8,1,199
4632,2572,11,1,219
4633,2573,6,1,299
4634,2574,6,2,299
4635,2575,8,2,199
4636,2575,1,1,399
4637,2575,18,2,249
4638,2575,9,1,229
4639,2576,4,1,599
4640,2577,5,1,249
4641,2577,10,1,449
4642,2578,9,3,229
4643,2579,8,2,199
4644,2580,3,1,329
4645,2581,19,1,229
4646,2581,6,1,299
4647,2581,8,2,199
4648,2582,5,1,249
4649,2582,7,2,279
4650,2582,15,2,799
4651,2583,9,1,229
4652,2583,3,1,329
4653,2584,5,1,249
4654,2585,12,1,999
4655,2586,2,1,419
4656,2586,11,1,219
4657,2586,6,1,299
4658,2587,2,1,419
4659,2588,10,2,449
4660,2588,16,1,649
4661,2588,11,1,219
4662,2589,4,1,599
4663,2589,2,2,419
4664,2589,8,1,199
4665,2589,17,2,149
4666,2590,11,1,219
4667,2590,7,1,279
4668,2591,15,1,799
4669,2592,5,1,249
4670,2593,1,1,399
4671,2593,20,1,1299
4672,2594,4,1,599
4673,2594,13,3,849
4674,2594,5,1,249
4675,2595,15,1,799
4676,2596,16,1,649
4677,2597,1,3,399
4678,2598,6,1,299
4679,2598,9,1,229
4680,2598,5,1,249
4681,2599,17,2,149
4682,2600,9,1,229
4683,2600,3,1,329
4684,2601,7,1,279
4685,2601,1,1,399
4686,2602,10,1,449
4687,2603,18,1,249
4688,2603,3,1,329
4689,2603,2,2,419
4690,2603,1,1,399
4691,2604,10,3,449
4692,2605,2,1,419
4693,2605,19,2,229
4694,2606,15,2,799
4695,2606,16,2,649
4696,2606,6,1,299
4697,2607,2,2,419
4698,2607,20,3,1299
4699,2608,1,1,399
4700,2609,17,1,149
4701,2610,13,1,849
4702,2610,6,2,299
4703,2610,9,1,229
4704,2611,17,1,149
4705,2612,6,2,299
4706,2612,19,1,229
4707,2612,2,2,419
4708,2612,11,1,219
4709,2613,16,1,649
4710,2613,13,1,849
4711,2613,5,1,249
4712,2613,2,1,419
4713,2614,19,2,229
4714,2615,11,1,219
4715,2615,9,1,229
4716,2616,4,1,599
4717,2617,17,3,149
4718,2617,19,2,229
4719,2617,2,1,419
4720,2617,20,2,1299
4721,2618,6,1,299
4722,2618,8,1,199
4723,2619,11,1,219
4724,2619,4,1,599
4725,2619,5,1,249
4726,2620,9,1,229
4727,2621,17,2,149
4728,2622,10,1,449
4729,2622,17,3,149
4730,2623,13,1,849
4731,2623,12,1,999
4732,2623,8,2,199
4733,2624,8,1,199
4734,2625,10,1,449
4735,2626,11,1,219
4736,2626,12,3,999
4737,2627,4,1,599
4738,2627,8,1,199
4739,2628,4,1,599
4740,2628,18,1,249
4741,2629,10,1,449
4742,2629,12,1,999
4743,2630,12,1,999
4744,2631,5,2,249
4745,2631,4,1,599
4746,2631,1,1,399
4747,2631,6,1,299
4748,2632,7,3,279
4749,2633,10,1,449
4750,2634,1,1,399
4751,2634,16,1,649
4752,2635,11,2,219
4753,2635,4,1,599
4754,2636,19,2,229
4755,2637,17,1,149
4756,2638,13,1,849
4757,2639,4,1,599
4758,2640,12,1,999
4759,2640,7,2,279
4760,2641,6,2,299
4761,2642,9,1,229
4762,2643,19,2,229
4763,2644,11,3,219
4764,2644,7,1,279
4765,2644,12,1,999
4766,2645,11,1,219
4767,2645,15,1,799
4768,2646,6,1,299
4769,2647,17,1,149
4770,2648,8,1,199
4771,2649,7,1,279
4772,2650,8,2,199
4773,2650,10,1,449
4774,2650,9,1,229
4775,2651,19,2,229
4776,2651,11,1,219
4777,2652,10,2,449
4778,2652,2,1,419
4779,2653,19,1,229
4780,2653,4,2,599
4781,2654,8,1,199
4782,2655,4,1,599
4783,2656,13,1,849
4784,2657,2,1,419
4785,2658,2,1,419
4786,2658,18,1,249
4787,2658,6,1,299
4788,2659,3,1,329
4789,2659,10,3,449
4790,2659,17,1,149
4791,2660,11,1,219
4792,2660,18,1,249
4793,2661,19,1,229
4794,2661,5,1,249
4795,2661,7,2,279
4796,2662,18,1,249
4797,2663,16,3,649
4798,2663,2,1,419
4799,2663,18,2,249
4800,2664,10,2,449
4801,2664,13,1,849
4802,2664,14,3,1599
4803,2665,11,2,219
4804,2666,16,1,649
4805,2667,2,3,419
4806,2667,10,1,449
4807,2667,11,1,219
4808,2667,1,1,399
4809,2668,4,1,599
4810,2669,4,2,599
4811,2669,19,3,229
4812,2670,15,1,799
4813,2670,7,1,279
4814,2671,15,1,799
4815,2672,1,1,399
4816,2673,15,2,799
4817,2673,2,1,419
4818,2674,13,1,849
4819,2674,7,1,279
4820,2675,11,1,219
4821,2675,6,1,299
4822,2676,19,1,229
4823,2677,9,2,229
4824,2677,5,2,249
4825,2678,11,1,219
4826,2679,16,1,649
4827,2679,19,2,229
4828,2680,11,1,219
4829,2680,7,1,279
4830,2680,18,1,249
4831,2681,4,1,599
4832,2681,7,1,279
4833,2681,18,2,249
4834,2682,9,1,229
4835,2682,16,2,649
4836,2682,3,2,329
4837,2683,18,1,249
4838,2684,3,2,329
4839,2684,5,1,249
4840,2685,1,1,399
4841,2685,3,1,329
4842,2685,16,2,649
4843,2686,12,1,999
4844,2687,11,1,219
4845,2688,6,1,299
4846,2688,4,1,599
4847,2688,11,1,219
4848,2689,5,1,249
4849,2690,5,1,249
4850,2691,12,2,999
4851,2691,4,1,599
4852,2692,12,1,999
4853,2693,7,2,279
4854,2694,14,1,1599
4855,2695,1,1,399
4856,2696,2,1,419
4857,2696,8,2,199
4858,2696,6,2,299
4859,2697,5,1,249
4860,2698,7,1,279
4861,2698,5,1,249
4862,2698,1,2,399
4863,2699,3,1,329
4864,2700,11,1,219
4865,2701,10,1,449
4866,2701,7,1,279
4867,2702,20,2,1299
4868,2702,4,2,599
4869,2702,6,1,299
4870,2703,5,1,249
4871,2704,18,1,249
4872,2705,14,1,1599
4873,2705,6,1,299
4874,2706,15,1,799
4875,2706,10,1,449
4876,2706,6,1,299
4877,2707,19,2,229
4878,2708,9,1,229
4879,2709,2,2,419
4880,2710,11,2,219
4881,2711,16,1,649
4882,2712,18,1,249
4883,2713,8,3,199
4884,2713,1,2,399
4885,2713,5,2,249
4886,2713,16,1,649
4887,2714,15,1,799
4888,2714,11,1,219
4889,2714,9,1,229
4890,2715,18,1,249
4891,2715,20,2,1299
4892,2716,15,1,799
4893,2717,7,3,279
4894,2717,8,3,199
4895,2718,10,3,449
4896,2719,5,1,249
4897,2720,18,1,249
4898,2721,4,2,599
4899,2721,11,1,219
4900,2722,17,1,149
4901,2722,19,1,229
4902,2722,11,1,219
4903,2722,4,1,599
4904,2723,4,1,599
4905,2723,16,3,649
4906,2723,3,2,329
4907,2723,11,2,219
4908,2724,7,2,279
4909,2724,15,1,799
4910,2724,10,1,449
4911,2725,18,1,249
4912,2725,5,2,249
4913,2725,6,2,299
4914,2726,18,1,249
4915,2727,9,1,229
4916,2727,1,3,399
4917,2728,17,3,149
4918,2728,16,3,649
4919,2729,15,1,799
4920,2729,17,1,149
4921,2730,6,1,299
4922,2731,9,1,229
4923,2732,1,3,399
4924,2733,3,1,329
4925,2734,6,1,299
4926,2734,17,1,149
4927,2735,4,1,599
4928,2736,10,2,449
4929,2737,3,1,329
4930,2737,5,1,249
4931,2738,7,1,279
4932,2738,2,1,419
4933,2738,19,1,229
4934,2739,4,1,599
4935,2739,14,2,1599
4936,2740,11,1,219
4937,2741,10,1,449
4938,2742,10,3,449
4939,2743,1,1,399
4940,2743,5,1,249
4941,2744,4,3,599
4942,2744,8,2,199
4943,2745,9,3,229
4944,2745,1,1,399
4945,2745,19,1,229
4946,2746,11,1,219
4947,2747,6,1,299
4948,2747,9,2,229
4949,2748,6,2,299
4950,2749,6,2,299
4951,2750,17,2,149
4952,2751,3,2,329
4953,2751,6,1,299
4954,2751,17,1,149
4955,2751,12,1,999
4956,2752,11,1,219
4957,2752,6,1,299
4958,2752,4,1,599
4959,2753,18,2,249
4960,2754,14,1,1599
4961,2755,9,1,229
4962,2756,5,2,249
4963,2756,10,1,449
4964,2757,18,1,249
4965,2758,6,1,299
4966,2758,4,2,599
4967,2759,5,1,249
4968,2759,14,1,1599
4969,2760,5,2,249
4970,2761,2,1,419
4971,2761,7,2,279
4972,2762,2,1,419
4973,2762,5,3,249
4974,2763,10,1,449
4975,2763,20,3,1299
4976,2763,12,1,999
4977,2764,10,2,449
4978,2764,15,1,799
4979,2765,19,1,229
4980,2766,1,2,399
4981,2767,16,2,649
4982,2768,2,3,419
4983,2768,11,3,219
4984,2769,13,1,849
4985,2769,6,2,299
4986,2769,1,1,399
4987,2769,7,1,279
4988,2770,4,2,599
4989,2770,20,1,1299
4990,2771,1,1,399
4991,2772,1,2,399
4992,2773,3,2,329
4993,2774,5,1,249
4994,2774,11,1,219
4995,2774,9,1,229
4996,2775,7,1,279
4997,2775,4,1,599
4998,2776,3,2,329
4999,2776,16,1,649
5000,2777,7,2,279
5001,2777,5,1,249
5002,2778,4,1,599
5003,2779,1,1,399
5004,2779,13,1,849
5005,2780,2,1,419
5006,2781,8,1,199
5007,2782,18,1,249
5008,2782,6,3,299
5009,2782,13,3,849
5010,2783,5,1,249
5011,2784,2,3,419
5012,2784,10,1,449
5013,2784,8,1,199
5014,2785,7,2,279
5015,2785,4,2,599
5016,2785,6,2,299
5017,2786,4,2,599
5018,2786,10,1,449
5019,2787,4,2,599
5020,2787,14,1,1599
5021,2788,7,1,279
5022,2789,3,3,329
5023,2790,13,1,849
5024,2791,1,1,399
5025,2792,5,1,249
5026,2793,4,1,599
5027,2794,17,1,149
5028,2794,7,1,279
5029,2794,19,1,229
5030,2794,11,1,219
5031,2795,17,2,149
5032,2795,19,1,229
5033,2795,5,1,249
5034,2796,14,2,1599
5035,2796,17,2,149
5036,2797,11,1,219
5037,2797,9,1,229
5038,2797,1,1,399
5039,2798,9,2,229
5040,2799,8,1,199
5041,2799,2,2,419
5042,2800,4,1,599
5043,2800,11,3,219
5044,2800,20,2,1299
5045,2801,19,2,229
5046,2801,11,2,219
5047,2802,5,1,249
5048,2802,19,1,229
5049,2803,13,2,849
5050,2804,1,1,399
5051,2804,6,2,299
5052,2804,3,1,329
5053,2804,18,2,249
5054,2805,13,1,849
5055,2806,1,2,399
5056,2806,10,3,449
5057,2807,7,2,279
5058,2807,14,2,1599
5059,2807,19,1,229
5060,2808,4,1,599
5061,2808,10,1,449
5062,2808,11,1,219
5063,2809,7,1,279
5064,2810,2,1,419
5065,2810,3,1,329
5066,2811,5,1,249
5067,2812,2,2,419
5068,2813,1,2,399
5069,2814,4,1,599
5070,2814,8,1,199
5071,2815,8,1,199
5072,2815,10,1,449
5073,2816,18,1,249
5074,2817,3,3,329
5075,2817,8,1,199
5076,2818,4,1,599
5077,2819,4,2,599
5078,2820,4,1,599
5079,2820,6,2,299
5080,2820,2,1,419
5081,2821,15,1,799
5082,2821,6,3,299
5083,2822,10,1,449
5084,2822,16,1,649
5085,2822,5,2,249
5086,2822,3,1,329
5087,2823,4,1,599
5088,2824,4,3,599
5089,2824,8,1,199
5090,2825,11,1,219
5091,2825,4,1,599
5092,2826,6,1,299
5093,2827,13,1,849
5094,2827,10,2,449
5095,2827,6,1,299
5096,2828,4,1,599
5097,2828,6,1,299
5098,2829,2,1,419
5099,2830,10,1,449
5100,2831,7,1,279
5101,2832,2,1,419
5102,2832,13,3,849
5103,2833,15,1,799
5104,2834,4,3,599
5105,2835,12,2,999
5106,2835,4,2,599
5107,2836,11,1,219
5108,2836,8,1,199
5109,2837,1,1,399
5110,2837,2,1,419
5111,2838,15,2,799
5112,2838,7,3,279
5113,2838,16,1,649
5114,2839,13,2,849
5115,2839,19,1,229
5116,2839,8,1,199
5117,2840,18,2,249
5118,2840,7,1,279
5119,2841,16,1,649
5120,2842,17,1,149
5121,2843,14,1,1599
5122,2844,6,2,299
5123,2844,8,1,199
5124,2845,18,1,249
5125,2846,11,2,219
5126,2846,7,1,279
5127,2847,5,1,249
5128,2848,14,1,1599
5129,2849,11,1,219
5130,2849,15,1,799
5131,2850,15,1,799
5132,2850,20,2,1299
5133,2851,6,1,299
5134,2852,18,1,249
5135,2853,9,1,229
5136,2853,2,1,419
5137,2853,11,1,219
5138,2854,13,3,849
5139,2854,17,2,149
5140,2855,4,2,599
5141,2855,2,1,419
5142,2855,9,1,229
5143,2856,4,2,599
5144,2856,2,3,419
5145,2856,8,1,199
5146,2856,6,1,299
5147,2857,3,1,329
5148,2857,19,1,229
5149,2857,1,1,399
5150,2858,2,1,419
5151,2859,12,2,999
5152,2859,17,1,149
5153,2859,10,1,449
5154,2860,2,1,419
5155,2860,3,1,329
5156,2861,16,1,649
5157,2861,1,1,399
5158,2862,6,1,299
5159,2863,14,3,1599
5160,2863,17,2,149
5161,2863,4,2,599
5162,2864,1,2,399
5163,2865,1,1,399
5164,2865,17,1,149
5165,2865,18,1,249
5166,2866,11,1,219
5167,2866,18,1,249
5168,2867,11,1,219
5169,2867,6,3,299
5170,2868,6,1,299
5171,2869,8,1,199
5172,2869,2,3,419
5173,2870,11,1,219
5174,2870,15,3,799
5175,2870,2,2,419
5176,2871,2,2,419
5177,2871,6,1,299
5178,2872,16,2,649
5179,2873,2,3,419
5180,2874,1,1,399
5181,2875,6,2,299
5182,2876,2,2,419
5183,2877,11,1,219
5184,2878,4,1,599
5185,2878,13,2,849
5186,2878,15,1,799
5187,2879,8,1,199
5188,2879,18,2,249
5189,2879,11,1,219
5190,2880,2,3,419
5191,2881,2,1,419
5192,2881,1,1,399
5193,2882,14,2,1599
5194,2882,7,1,279
5195,2883,7,2,279
5196,2883,5,1,249
5197,2883,9,1,229
5198,2884,5,1,249
5199,2885,6,1,299
5200,2886,6,1,299
5201,2886,1,1,399
5202,2887,2,1,419
5203,2887,5,1,249
5204,2888,3,1,329
5205,2888,11,1,219
5206,2888,16,2,649
5207,2889,2,3,419
5208,2889,6,1,299
5209,2889,17,1,149
5210,2890,17,1,149
5211,2890,2,2,419
5212,2890,4,2,599
5213,2891,1,1,399
5214,2892,9,1,229
5215,2893,1,2,399
5216,2893,18,2,249
5217,2894,4,1,599
5218,2894,18,1,249
5219,2894,1,2,399
5220,2895,1,1,399
5221,2895,11,3,219
5222,2895,13,2,849
5223,2896,1,1,399
5224,2896,6,1,299
5225,2897,17,1,149
5226,2898,18,2,249
5227,2898,8,2,199
5228,2899,4,1,599
5229,2899,17,2,149
5230,2900,18,1,249
5231,2900,19,1,229
5232,2900,5,1,249
5233,2901,12,1,999
5234,2901,20,1,1299
5235,2902,2,2,419
5236,2903,12,1,999
5237,2903,6,1,299
5238,2904,12,1,999
5239,2904,4,1,599
5240,2905,5,1,249
5241,2905,8,1,199
5242,2906,16,1,649
5243,2907,19,1,229
5244,2907,15,1,799
5245,2908,2,2,419
5246,2908,1,1,399
5247,2908,4,1,599
5248,2909,10,2,449
5249,2910,15,1,799
5250,2911,9,1,229
5251,2911,19,1,229
5252,2912,6,1,299
5253,2912,1,1,399
5254,2913,1,1,399
5255,2913,6,1,299
5256,2914,6,2,299
5257,2914,7,1,279
5258,2914,14,1,1599
5259,2915,8,1,199
5260,2915,3,2,329
5261,2916,17,1,149
5262,2916,7,1,279
5263,2917,8,2,199
5264,2917,18,1,249
5265,2917,16,3,649
5266,2918,8,1,199
5267,2919,6,1,299
5268,2919,16,1,649
5269,2920,18,2,249
5270,2920,11,2,219
5271,2920,2,1,419
5272,2921,5,1,249
5273,2921,10,1,449
5274,2922,8,1,199
5275,2922,4,1,599
5276,2922,12,1,999
5277,2923,13,1,849
5278,2924,2,1,419
5279,2924,17,1,149
5280,2924,15,2,799
5281,2925,9,1,229
5282,2926,19,2,229
5283,2927,3,2,329
5284,2927,10,1,449
5285,2927,5,1,249
5286,2928,3,1,329
5287,2929,8,1,199
5288,2930,7,1,279
5289,2930,4,1,599
5290,2930,17,1,149
5291,2931,11,2,219
5292,2931,7,1,279
5293,2932,2,2,419
5294,2933,18,2,249
5295,2933,9,1,229
5296,2934,11,3,219
5297,2934,18,1,249
5298,2935,9,2,229
5299,2936,1,1,399
5300,2937,4,1,599
5301,2937,14,1,1599
5302,2937,7,2,279
5303,2938,8,1,199
5304,2938,3,2,329
5305,2939,13,1,849
5306,2940,17,1,149
5307,2940,11,2,219
5308,2940,20,1,1299
5309,2940,1,3,399
5310,2941,7,1,279
5311,2942,19,1,229
5312,2943,17,1,149
5313,2944,5,2,249
5314,2944,1,1,399
5315,2944,7,3,279
5316,2945,5,1,249
5317,2945,2,1,419
5318,2945,19,1,229
5319,2945,1,3,399
5320,2946,1,1,399
5321,2946,19,2,229
5322,2946,6,1,299
5323,2947,4,2,599
5324,2948,6,1,299
5325,2948,3,1,329
5326,2948,11,2,219
5327,2949,3,1,329
5328,2949,11,1,219
5329,2950,18,1,249
5330,2951,6,1,299
5331,2951,5,2,249
5332,2952,11,1,219
5333,2952,12,1,999
5334,2953,11,2,219
5335,2954,11,1,219
5336,2954,14,1,1599
5337,2955,12,1,999
5338,2956,10,1,449
5339,2956,1,1,399
5340,2957,7,1,279
5341,2957,12,2,999
5342,2958,3,1,329
5343,2958,4,2,599
5344,2959,14,2,1599
5345,2960,6,1,299
5346,2961,19,1,229
5347,2962,15,3,799
5348,2962,7,1,279
5349,2962,19,1,229
5350,2962,6,3,299
5351,2963,10,2,449
5352,2963,5,2,249
5353,2963,9,1,229
5354,2964,7,1,279
5355,2965,1,3,399
5356,2966,17,3,149
5357,2966,9,1,229
5358,2966,1,1,399
5359,2966,6,2,299
5360,2967,5,1,249
5361,2968,9,1,229
5362,2969,9,1,229
5363,2970,6,2,299
5364,2970,5,2,249
5365,2971,14,1,1599
5366,2972,9,2,229
5367,2972,14,2,1599
5368,2973,11,1,219
5369,2974,19,1,229
5370,2975,15,1,799
5371,2976,13,2,849
5372,2976,18,2,249
5373,2976,4,3,599
5374,2977,9,2,229
5375,2978,8,1,199
5376,2979,11,1,219
5377,2979,8,1,199
5378,2979,5,2,249
5379,2980,15,2,799
5380,2981,15,1,799
5381,2982,10,1,449
5382,2982,7,1,279
5383,2982,19,1,229
5384,2983,3,1,329
5385,2984,7,1,279
5386,2985,11,1,219
5387,2985,15,1,799
5388,2986,3,1,329
5389,2987,8,1,199
5390,2988,19,2,229
5391,2989,8,1,199
5392,2989,18,1,249
5393,2990,1,1,399
5394,2991,16,1,649
5395,2991,19,1,229
5396,2991,8,2,199
5397,2991,13,1,849
5398,2992,6,1,299
5399,2993,16,1,649
5400,2994,6,2,299
5401,2995,14,1,1599
5402,2996,10,1,449
5403,2997,16,2,649
5404,2997,18,1,249
5405,2997,1,1,399
5406,2998,6,2,299
5407,2999,14,2,1599
5408,2999,1,2,399
5409,2999,5,1,249
5410,3000,3,1,329
5411,3001,5,3,249
5412,3002,5,1,249
5413,3002,8,2,199
5414,3002,2,1,419
5415,3003,1,1,399
5416,3003,14,1,1599
5417,3003,3,2,329
5418,3004,7,1,279
5419,3005,2,1,419
5420,3006,18,1,249
5421,3006,9,1,229
5422,3006,7,2,279
5423,3007,2,3,419
5424,3008,6,1,299
5425,3009,10,3,449
5426,3010,6,2,299
5427,3011,18,1,249
5428,3011,1,1,399
5429,3012,11,1,219
5430,3013,18,1,249
5431,3014,13,1,849
5432,3014,10,3,449
5433,3014,4,2,599
5434,3015,1,2,399
5435,3015,20,1,1299
5436,3016,17,2,149
5437,3016,2,1,419
5438,3016,7,1,279
5439,3017,10,1,449
5440,3017,7,3,279
5441,3018,15,1,799
5442,3018,6,2,299
5443,3018,16,3,649
5444,3019,8,1,199
5445,3020,12,1,999
5446,3020,7,1,279
5447,3020,2,1,419
5448,3021,4,2,599
5449,3021,10,1,449
5450,3022,10,2,449
5451,3022,3,1,329
5452,3023,2,1,419
5453,3023,8,1,199
5454,3024,2,2,419
5455,3025,14,1,1599
5456,3025,4,2,599
5457,3026,4,1,599
5458,3026,2,1,419
5459,3026,6,2,299
5460,3026,10,1,449
5461,3027,7,1,279
5462,3028,16,1,649
5463,3028,13,1,849
5464,3029,7,1,279
5465,3029,18,1,249
5466,3030,5,1,249
5467,3031,3,1,329
5468,3031,17,1,149
5469,3032,6,2,299
5470,3033,10,1,449
5471,3033,15,1,799
5472,3033,12,1,999
5473,3033,3,1,329
5474,3034,19,1,229
5475,3035,10,1,449
5476,3035,3,2,329
5477,3035,4,1,599
5478,3036,8,2,199
5479,3037,18,1,249
5480,3038,18,3,249
5481,3039,9,1,229
5482,3039,16,1,649
5483,3040,10,1,449
5484,3040,18,1,249
5485,3040,1,1,399
5486,3040,7,2,279
5487,3041,2,1,419
5488,3041,4,2,599
5489,3042,1,1,399
5490,3043,2,1,419
5491,3044,15,1,799
5492,3044,18,1,249
5493,3044,17,1,149
5494,3044,7,1,279
5495,3045,5,1,249
5496,3045,2,1,419
5497,3046,2,1,419
5498,3047,9,1,229
5499,3047,5,1,249
5500,3048,3,1,329
5501,3048,8,1,199
5502,3048,5,1,249
5503,3049,15,1,799
5504,3050,19,1,229
5505,3051,1,1,399
5506,3051,3,1,329
5507,3052,5,1,249
5508,3052,18,3,249
5509,3052,12,1,999
5510,3053,14,1,1599
5511,3054,7,1,279
5512,3055,11,1,219
5513,3055,9,1,229
5514,3056,8,2,199
5515,3056,2,1,419
5516,3056,5,2,249
5517,3057,1,1,399
5518,3057,15,1,799
5519,3057,17,3,149
5520,3058,17,1,149
5521,3059,12,2,999
5522,3060,3,3,329
5523,3060,9,2,229
5524,3060,11,3,219
5525,3061,13,1,849
5526,3061,3,2,329
5527,3061,6,2,299
5528,3062,10,1,449
5529,3062,11,1,219
5530,3063,1,1,399
5531,3063,9,2,229
5532,3063,18,1,249
5533,3064,7,3,279
5534,3065,10,2,449
5535,3066,2,2,419
5536,3067,11,1,219
5537,3068,4,2,599
5538,3069,4,1,599
5539,3069,8,3,199
5540,3070,7,3,279
5541,3070,1,2,399
5542,3070,17,2,149
5543,3071,17,2,149
5544,3071,11,1,219
5545,3071,4,3,599
5546,3072,2,1,419
5547,3072,13,3,849
5548,3072,7,2,279
5549,3073,20,2,1299
5550,3074,19,2,229
5551,3075,12,1,999
5552,3076,12,1,999
5553,3077,9,1,229
5554,3077,10,1,449
5555,3078,19,1,229
5556,3078,10,1,449
5557,3079,1,2,399
5558,3080,5,2,249
5559,3081,11,1,219
5560,3082,2,1,419
5561,3083,9,1,229
5562,3084,8,1,199
5563,3085,10,1,449
5564,3085,15,1,799
5565,3086,13,1,849
5566,3087,5,1,249
5567,3087,18,1,249
5568,3088,15,1,799
5569,3088,8,1,199
5570,3089,4,1,599
5571,3089,3,1,329
5572,3090,11,1,219
5573,3091,3,1,329
5574,3091,7,1,279
5575,3092,6,1,299
5576,3093,7,3,279
5577,3093,8,1,199
5578,3094,17,1,149
5579,3094,18,1,249
5580,3095,1,1,399
5581,3095,14,1,1599
5582,3096,11,1,219
5583,3097,7,1,279
5584,3098,8,1,199
5585,3098,9,1,229
5586,3098,2,2,419
5587,3098,19,1,229
5588,3099,5,1,249
5589,3100,8,3,199
5590,3101,10,1,449
5591,3101,15,1,799
5592,3101,19,2,229
5593,3102,6,1,299
5594,3103,3,1,329
5595,3103,7,3,279
5596,3103,4,1,599
5597,3103,15,3,799
5598,3104,10,2,449
5599,3104,7,1,279
5600,3105,17,2,149
5601,3106,6,1,299
5602,3107,1,1,399
5603,3108,11,1,219
5604,3108,14,1,1599
5605,3109,14,1,1599
5606,3109,20,1,1299
5607,3109,13,2,849
5608,3110,2,1,419
5609,3110,11,1,219
5610,3110,12,1,999
5611,3111,14,2,1599
5612,3112,9,1,229
5613,3113,2,1,419
5614,3113,6,1,299
5615,3114,3,1,329
5616,3114,5,3,249
5617,3114,8,1,199
5618,3115,7,1,279
5619,3115,4,2,599
5620,3116,8,1,199
5621,3116,18,1,249
5622,3117,7,1,279
5623,3118,13,1,849
5624,3119,9,2,229
5625,3119,17,1,149
5626,3119,6,1,299
5627,3120,4,3,599
5628,3120,13,1,849
5629,3120,1,2,399
5630,3121,10,1,449
5631,3122,15,2,799
5632,3122,5,1,249
5633,3122,6,1,299
5634,3122,2,1,419
5635,3123,10,3,449
5636,3123,4,1,599
5637,3124,14,1,1599
5638,3125,13,1,849
5639,3125,10,2,449
5640,3126,12,1,999
5641,3127,5,1,249
5642,3127,4,3,599
5643,3127,6,1,299
5644,3127,2,1,419
5645,3128,1,2,399
5646,3129,2,1,419
5647,3130,10,1,449
5648,3130,14,1,1599
5649,3131,19,1,229
5650,3131,18,1,249
5651,3131,8,1,199
5652,3131,4,1,599
5653,3132,3,2,329
5654,3132,12,1,999
5655,3132,4,1,599
5656,3133,6,1,299
5657,3134,11,1,219
5658,3134,17,1,149
5659,3134,6,2,299
5660,3134,16,1,649
5661,3135,3,1,329
5662,3136,6,1,299
5663,3136,4,1,599
5664,3137,3,3,329
5665,3137,19,2,229
5666,3138,18,1,249
5667,3138,10,2,449
5668,3139,3,1,329
5669,3140,16,3,649
5670,3140,6,1,299
5671,3141,15,2,799
5672,3142,1,1,399
5673,3142,18,1,249
5674,3143,5,1,249
5675,3144,9,1,229
5676,3144,6,2,299
5677,3145,9,1,229
5678,3145,5,1,249
5679,3146,7,1,279
5680,3147,15,2,799
5681,3148,4,1,599
5682,3148,2,2,419
5683,3148,3,1,329
5684,3149,12,2,999
5685,3149,7,3,279
5686,3149,18,1,249
5687,3150,19,1,229
5688,3150,7,1,279
5689,3151,7,3,279
5690,3152,4,1,599
5691,3152,2,1,419
5692,3152,9,2,229
5693,3153,18,1,249
5694,3153,4,3,599
5695,3153,9,1,229
5696,3153,1,1,399
5697,3154,6,1,299
5698,3155,14,3,1599
5699,3155,11,3,219
5700,3155,3,3,329
5701,3155,19,2,229
5702,3156,17,1,149
5703,3157,2,1,419
5704,3157,12,1,999
5705,3157,14,1,1599
5706,3158,7,1,279
5707,3158,11,1,219
5708,3159,6,1,299
5709,3159,2,1,419
5710,3159,7,3,279
5711,3160,7,3,279
5712,3160,13,2,849
5713,3161,4,2,599
5714,3162,8,1,199
5715,3162,19,1,229
5716,3162,9,1,229
5717,3163,7,2,279
5718,3163,18,2,249
5719,3164,16,1,649
5720,3164,2,1,419
5721,3164,14,2,1599
5722,3164,5,1,249
5723,3165,10,1,449
5724,3165,3,1,329
5725,3166,9,1,229
5726,3166,15,2,799
5727,3167,4,3,599
5728,3167,11,1,219
5729,3167,12,3,999
5730,3168,16,1,649
5731,3169,7,1,279
5732,3170,7,1,279
5733,3171,7,1,279
5734,3171,4,3,599
5735,3172,10,1,449
5736,3173,9,1,229
5737,3174,5,1,249
5738,3174,3,1,329
5739,3175,11,1,219
5740,3175,7,1,279
5741,3176,3,1,329
5742,3176,17,1,149
5743,3176,1,1,399
5744,3177,2,3,419
5745,3178,8,1,199
5746,3179,3,1,329
5747,3180,19,2,229
5748,3180,3,1,329
5749,3180,12,1,999
5750,3180,4,1,599
5751,3181,3,2,329
5752,3181,12,1,999
5753,3182,18,1,249
5754,3182,11,2,219
5755,3183,13,1,849
5756,3183,17,3,149
5757,3183,5,1,249
5758,3184,5,1,249
5759,3184,17,2,149
5760,3184,8,1,199
5761,3184,3,1,329
5762,3185,11,3,219
5763,3186,17,2,149
5764,3187,14,2,1599
5765,3188,3,1,329
5766,3188,20,1,1299
5767,3188,11,1,219
5768,3189,20,1,1299
5769,3189,8,1,199
5770,3190,1,1,399
5771,3190,8,1,199
5772,3190,17,2,149
5773,3190,16,1,649
5774,3191,19,1,229
5775,3192,9,3,229
5776,3193,14,1,1599
5777,3194,12,1,999
5778,3194,18,2,249
5779,3195,6,1,299
5780,3196,5,3,249
5781,3196,3,1,329
5782,3196,7,1,279
5783,3196,11,1,219
5784,3197,16,3,649
5785,3197,6,3,299
5786,3198,7,1,279
5787,3198,17,1,149
5788,3199,3,2,329
5789,3200,18,1,249
5790,3201,5,1,249
5791,3201,2,1,419
5792,3201,3,2,329
5793,3202,6,1,299
5794,3202,11,1,219
5795,3202,1,2,399
5796,3202,16,1,649
5797,3203,14,2,1599
5798,3204,1,1,399
5799,3204,10,1,449
5800,3204,17,1,149
5801,3204,12,1,999
5802,3205,18,1,249
5803,3205,8,1,199
5804,3205,3,2,329
5805,3206,10,1,449
5806,3207,5,1,249
5807,3207,7,1,279
5808,3207,9,1,229
5809,3208,6,1,299
5810,3209,5,2,249
5811,3209,13,1,849
5812,3209,7,1,279
5813,3210,12,3,999
5814,3211,7,2,279
5815,3211,1,2,399
5816,3211,10,2,449
5817,3212,13,1,849
5818,3212,10,1,449
5819,3212,9,1,229
5820,3213,6,2,299
5821,3213,7,1,279
5822,3214,4,1,599
5823,3215,3,1,329
5824,3215,14,1,1599
5825,3216,10,1,449
5826,3217,9,1,229
5827,3217,15,1,799
5828,3217,11,2,219
5829,3218,11,2,219
5830,3218,6,1,299
5831,3219,19,1,229
5832,3220,9,1,229
5833,3220,8,1,199
5834,3221,5,1,249
5835,3221,3,1,329
5836,3222,3,1,329
5837,3222,15,1,799
5838,3222,10,1,449
5839,3223,12,1,999
5840,3223,3,2,329
5841,3223,11,1,219
5842,3223,4,2,599
5843,3224,9,3,229
5844,3225,11,3,219
5845,3225,19,1,229
5846,3226,4,3,599
5847,3227,12,1,999
5848,3228,11,1,219
5849,3228,2,1,419
5850,3229,15,1,799
5851,3230,9,1,229
5852,3230,14,2,1599
5853,3230,3,2,329
5854,3230,2,1,419
5855,3231,6,1,299
5856,3231,18,1,249
5857,3232,9,1,229
5858,3233,1,1,399
5859,3233,10,1,449
5860,3234,11,1,219
5861,3235,6,3,299
5862,3236,20,2,1299
5863,3237,8,1,199
5864,3238,1,1,399
5865,3238,9,1,229
5866,3239,8,2,199
5867,3239,9,2,229
5868,3240,6,1,299
5869,3241,13,1,849
5870,3241,7,1,279
5871,3242,7,1,279
5872,3243,11,1,219
5873,3244,7,2,279
5874,3244,9,2,229
5875,3244,19,1,229
5876,3244,5,1,249
5877,3245,3,1,329
5878,3245,9,1,229
5879,3245,11,3,219
5880,3246,3,1,329
5881,3247,1,1,399
5882,3247,5,1,249
5883,3247,7,1,279
5884,3248,13,1,849
5885,3248,12,3,999
5886,3249,4,1,599
5887,3249,18,1,249
5888,3249,7,1,279
5889,3250,2,1,419
5890,3250,18,1,249
5891,3251,18,2,249
5892,3252,1,1,399
5893,3253,2,1,419
5894,3253,1,1,399
5895,3254,6,1,299
5896,3254,11,1,219
5897,3255,9,1,229
5898,3255,4,3,599
5899,3256,5,2,249
5900,3256,11,1,219
5901,3256,7,1,279
5902,3257,8,1,199
5903,3258,7,2,279
5904,3258,2,1,419
5905,3258,4,1,599
5906,3259,7,1,279
5907,3260,3,1,329
5908,3260,9,1,229
5909,3261,4,2,599
5910,3261,11,2,219
5911,3261,10,1,449
5912,3261,18,1,249
5913,3262,8,2,199
5914,3262,5,1,249
5915,3263,15,1,799
5916,3263,12,1,999
5917,3263,9,1,229
5918,3264,19,1,229
5919,3265,2,1,419
5920,3266,6,1,299
5921,3267,17,1,149
5922,3268,6,2,299
5923,3269,3,1,329
5924,3270,10,1,449
5925,3271,6,1,299
5926,3271,18,1,249
5927,3271,10,1,449
5928,3272,5,1,249
5929,3272,17,3,149
5930,3273,8,1,199
5931,3273,14,1,1599
5932,3274,6,3,299
5933,3275,11,1,219
5934,3276,20,1,1299
5935,3276,8,1,199
5936,3277,16,1,649
5937,3277,3,1,329
5938,3278,7,2,279
5939,3279,10,2,449
5940,3279,3,2,329
5941,3279,1,2,399
5942,3280,14,1,1599
5943,3281,20,1,1299
5944,3282,9,2,229
5945,3283,17,1,149
5946,3283,12,1,999
5947,3284,15,2,799
5948,3284,7,2,279
5949,3285,3,1,329
5950,3285,10,1,449
5951,3285,8,1,199
5952,3286,12,2,999
5953,3287,11,1,219
5954,3287,13,1,849
5955,3288,9,1,229
5956,3288,10,1,449
5957,3289,6,1,299
5958,3290,4,1,599
5959,3290,19,1,229
5960,3291,19,1,229
5961,3291,1,1,399
5962,3292,5,1,249
5963,3292,3,1,329
5964,3292,8,1,199
5965,3293,1,2,399
5966,3294,6,1,299
5967,3295,1,1,399
5968,3295,18,3,249
5969,3296,9,2,229
5970,3296,12,2,999
5971,3296,13,1,849
5972,3297,7,1,279
5973,3298,17,1,149
5974,3298,10,1,449
5975,3298,5,1,249
5976,3299,17,3,149
5977,3300,1,1,399
5978,3301,3,1,329
5979,3302,20,1,1299
5980,3303,2,1,419
5981,3304,15,1,799
5982,3305,8,1,199
5983,3306,5,2,249
5984,3306,10,1,449
5985,3307,1,2,399
5986,3307,5,1,249
5987,3308,11,1,219
5988,3308,18,1,249
5989,3309,9,3,229
5990,3310,7,2,279
5991,3310,6,3,299
5992,3311,8,1,199
5993,3311,15,1,799
5994,3311,3,2,329
5995,3312,6,1,299
5996,3312,1,1,399
5997,3313,2,3,419
5998,3313,8,1,199
5999,3314,7,1,279
6000,3314,5,1,249
6001,3314,10,1,449
6002,3315,19,3,229
6003,3315,9,1,229
6004,3315,20,1,1299
6005,3315,7,2,279
6006,3316,16,2,649
6007,3316,6,1,299
6008,3317,7,1,279
6009,3318,2,1,419
6010,3318,16,1,649
6011,3319,9,2,229
6012,3320,5,1,249
6013,3321,3,2,329
6014,3321,19,2,229
6015,3321,13,1,849
6016,3321,9,1,229
6017,3322,11,2,219
6018,3322,2,1,419
6019,3323,8,2,199
6020,3324,11,1,219
6021,3325,17,1,149
6022,3326,10,2,449
6023,3326,13,1,849
6024,3327,12,2,999
6025,3327,11,1,219
6026,3328,1,2,399
6027,3329,5,2,249
6028,3330,19,1,229
6029,3330,7,2,279
6030,3330,6,1,299
6031,3331,18,1,249
6032,3332,2,1,419
6033,3333,7,1,279
6034,3333,16,2,649
6035,3334,8,2,199
6036,3335,4,1,599
6037,3336,3,2,329
6038,3336,15,2,799
6039,3336,7,1,279
